run_id,timestamp,episode,agent_id,reward,avg_reward,actor_loss,critic_loss,goals,collisions,offroad,timeouts,mean_velocity,route_completion,n_npcs,n_walkers,curriculum_prob,rollout_steps
train_20260903_214359,2026-09-03T21:46:11,0,agent_0,-1261.9309029815172,-4095.996987193387,-0.0075863939709961414,4635.5985656738285,0,3,2,0,2.2349737608253135,0.3600097770023182,20,20,0.7,2048
train_20260903_214359,2026-09-03T21:46:11,0,agent_1,-6930.063071405258,-4095.996987193387,-0.007875785324722528,4635.5985656738285,0,4,5,0,4.317034271712753,0.14119585422841274,20,20,0.7,2048
train_20260903_214359,2026-09-03T21:47:34,1,agent_0,-8344.179083342358,-4782.19276593202,-0.005951578915119171,4423.674780273437,0,0,4,0,1.2881719992241292,0.07741068364483561,20,20,0.7,2048
train_20260903_214359,2026-09-03T21:47:34,1,agent_1,-1220.2064485216813,-4782.19276593202,-0.006689144764095545,4423.674780273437,0,12,2,0,3.5859596740500717,0.10584174728016227,20,20,0.7,2048
train_20260903_214359,2026-09-03T21:48:54,2,agent_0,-10061.793019042356,-10796.544141805738,-0.006262773927301168,9057.21025390625,0,0,4,0,2.098905258862049,0.13746152771756126,20,20,0.7,2048
train_20260903_214359,2026-09-03T21:48:54,2,agent_1,-11531.295264569118,-10796.544141805738,-0.005166260618716478,9057.21025390625,0,11,0,0,3.2122575130302917,0.037408521975909936,20,20,0.7,2048
train_20260903_214359,2026-09-03T21:50:32,3,agent_0,-3506.516685394303,-2856.050047904224,-0.00636876504868269,864.3107803344726,0,1,1,0,0.9323732538891696,0.09076159670659856,20,20,0.7,2048
train_20260903_214359,2026-09-03T21:50:32,3,agent_1,-2205.5834104141445,-2856.050047904224,-0.006130991969257593,864.3107803344726,0,10,0,0,2.3292712758577756,0.06941933805444622,20,20,0.7,2048
train_20260903_214359,2026-09-03T21:51:52,4,agent_0,-4008.196412587676,-3247.379545857823,-0.007043911423534155,2442.9746856689453,0,0,2,0,1.7708899464466341,0.11261432402979354,20,20,0.7,2048
train_20260903_214359,2026-09-03T21:51:52,4,agent_1,-2486.5626791279697,-3247.379545857823,-0.004995298478752375,2442.9746856689453,0,7,1,0,3.6304326884624984,0.3259034481277443,20,20,0.7,2048
train_20260903_214359,2026-09-03T21:53:10,5,agent_0,-5344.60588879549,-5114.27863057807,-0.006571353599429131,2272.0048553466795,0,3,1,0,1.5937448738401079,0.20496745669006555,20,20,0.7,2048
train_20260903_214359,2026-09-03T21:53:10,5,agent_1,-4883.9513723606515,-5114.27863057807,-0.0052204539999365805,2272.0048553466795,0,3,4,0,3.326548850493052,0.12145928523655503,20,20,0.7,2048
train_20260903_214359,2026-09-03T21:54:43,6,agent_0,-4937.179318710949,-5679.143091398131,-0.005417421087622642,2738.3618103027343,0,3,1,0,1.668695422326367,0.15845172406808206,20,20,0.7,2048
train_20260903_214359,2026-09-03T21:54:43,6,agent_1,-6421.106864085315,-5679.143091398131,-0.006077421084046364,2738.3618103027343,0,2,6,0,2.5742304328687258,0.08214325395766564,20,20,0.7,2048
train_20260903_214359,2026-09-03T21:56:00,7,agent_0,-15811.29709198206,-9617.081373688181,-0.005625217407941818,3489.2719543457033,0,4,3,0,2.9158730686616265,0.15824121133772895,20,20,0.7,2048
train_20260903_214359,2026-09-03T21:56:00,7,agent_1,-3422.865655394303,-9617.081373688181,-0.006635669525712729,3489.2719543457033,0,7,2,0,2.7082530185749376,0.09683490574750109,20,20,0.7,2048
train_20260903_214359,2026-09-03T21:57:15,8,agent_0,-4893.715173892685,-4204.888227387999,-0.005163425859063864,2284.5089935302735,0,3,4,0,2.754370070680487,0.062167818112871975,20,20,0.7,2048
train_20260903_214359,2026-09-03T21:57:15,8,agent_1,-3516.061280883312,-4204.888227387999,-0.005050442833453417,2284.5089935302735,0,5,1,0,3.3828533848330085,0.56313398053946,20,20,0.7,2048
train_20260903_214359,2026-09-03T21:58:51,9,agent_0,-3716.0166414439295,-4530.188193238224,-0.005518456175923348,3007.165899658203,0,7,1,0,3.295387245310696,0.6055366282306511,20,20,0.7,2048
train_20260903_214359,2026-09-03T21:58:51,9,agent_1,-5344.359745032518,-4530.188193238224,-0.005675649177283049,3007.165899658203,0,4,6,0,3.1318528886657417,0.061120334339153315,20,20,0.7,2048
train_20260903_214359,2026-09-03T22:00:50,10,agent_0,-2179.9302225855604,-4391.625642776946,-0.005734715145081282,974.9975875854492,0,5,0,0,2.0622851645975517,0.25239198570299615,20,20,0.7,2048
train_20260903_214359,2026-09-03T22:00:50,10,agent_1,-6603.321062968332,-4391.625642776946,-0.005640912894159555,974.9975875854492,0,21,0,0,3.028371324798311,0.03630920821488037,20,20,0.7,2048
train_20260903_214359,2026-09-03T22:02:08,11,agent_0,-8033.684577616819,-3437.3264036657188,-0.0054420149885118,2342.8619140625,0,0,7,0,1.8861219133389884,0.04687757001752557,20,20,0.7,2048
train_20260903_214359,2026-09-03T22:02:08,11,agent_1,1159.031770285382,-3437.3264036657188,-0.00528327589854598,2342.8619140625,0,6,0,0,4.191904329383546,0.5131480297267839,20,20,0.7,2048
train_20260903_214359,2026-09-03T22:03:44,12,agent_0,-14343.545089012296,-9920.629251625964,-0.008434843085706235,4082.558282470703,0,1,7,0,1.7756871238245466,0.0516748374459447,20,20,0.7,2048
train_20260903_214359,2026-09-03T22:03:44,12,agent_1,-5497.713414239631,-9920.629251625964,-0.0064786307513713835,4082.558282470703,0,3,6,0,4.049060753845521,0.18834375773643097,20,20,0.7,2048
train_20260903_214359,2026-09-03T22:05:07,13,agent_0,-2809.5446621474075,-5323.328833376414,-0.005520287808030844,2486.345458984375,0,2,0,0,1.5378611151241357,0.30561463716021053,20,20,0.7,2048
train_20260903_214359,2026-09-03T22:05:07,13,agent_1,-7837.113004605421,-5323.328833376414,-0.004970893915742636,2486.345458984375,0,0,7,0,4.935724338314938,0.1523769376809263,20,20,0.7,2048
train_20260903_214359,2026-09-03T22:06:28,14,agent_0,-12150.537169211835,-7471.526683504069,-0.005740607064217329,3195.4439331054687,0,0,2,0,0.8879871251909506,0.10072713547579848,20,20,0.7,2048
train_20260903_214359,2026-09-03T22:06:28,14,agent_1,-2792.5161977963025,-7471.526683504069,-0.007354110758751631,3195.4439331054687,0,12,0,0,3.807533417930809,0.07864721051305779,20,20,0.7,2048
train_20260903_214359,2026-09-03T22:08:11,15,agent_0,-8675.079375550124,-4964.990883216206,-0.005371044017374515,3579.145715332031,0,1,1,0,1.7976676185360505,0.3441538467954903,20,20,0.7,2048
train_20260903_214359,2026-09-03T22:08:11,15,agent_1,-1254.9023908822896,-4964.990883216206,-0.004962540976703167,3579.145715332031,0,9,2,0,4.13810496690324,0.17327181632015298,20,20,0.7,2048
train_20260903_214359,2026-09-03T22:09:39,16,agent_0,-1744.2748175221338,-3982.846947350618,-0.006281317118555308,2581.516290283203,0,6,0,0,0.8195177995151485,0.08567823896356319,20,20,0.7,2048
train_20260903_214359,2026-09-03T22:09:39,16,agent_1,-6221.419077179102,-3982.846947350618,-0.0061528940685093405,2581.516290283203,0,6,4,0,5.357477189512673,0.19819912495898084,20,20,0.7,2048
train_20260903_214359,2026-09-03T22:11:08,17,agent_0,-7495.288619928277,-6003.689176444204,-0.007318993378430605,4677.413909912109,0,3,2,0,2.3668623591651152,0.2003986068386745,20,20,0.7,2048
train_20260903_214359,2026-09-03T22:11:08,17,agent_1,-4512.089732960133,-6003.689176444204,-0.006159966066479683,4677.413909912109,0,6,4,0,5.378914034125515,0.08102315522126546,20,20,0.7,2048
train_20260903_214359,2026-09-03T22:12:54,18,agent_0,-5447.534935685739,-5297.309610300455,-0.007068205624818802,3450.2552795410156,0,6,2,0,2.411729419902258,0.07509233315479635,20,20,0.7,2048
train_20260903_214359,2026-09-03T22:12:54,18,agent_1,-5147.08428491517,-5297.309610300455,-0.00978061519563198,3450.2552795410156,0,14,4,0,4.735193221746295,0.10225927637637167,20,20,0.7,2048
train_20260903_214359,2026-09-03T22:14:16,19,agent_0,-7311.936106685595,-8226.213116598732,-0.007509008795022964,4914.634484863282,0,2,4,0,1.9270561325404798,0.06588389837601039,20,20,0.7,2048
train_20260903_214359,2026-09-03T22:14:16,19,agent_1,-9140.49012651187,-8226.213116598732,-0.006184951402246952,4914.634484863282,0,3,11,0,4.554727476912832,0.04308894806276642,20,20,0.7,2048
train_20260903_214359,2026-09-03T22:15:44,20,agent_0,-1721.8721746701062,-3301.8327075982843,-0.005978356488049031,3151.4574340820313,0,1,2,0,3.0918586135615937,0.3020500916615382,20,20,0.7,2048
train_20260903_214359,2026-09-03T22:15:44,20,agent_1,-4881.793240526463,-3301.8327075982843,-0.007920530997216702,3151.4574340820313,0,15,1,0,3.2826330897410387,0.13718485509806533,20,20,0.7,2048
train_20260903_214359,2026-09-03T22:17:27,21,agent_0,-12619.232111052836,-9958.069257523768,-0.0065679606050252914,5599.53125,0,2,1,0,1.0380579868046864,0.07417090042411112,20,20,0.7,2048
train_20260903_214359,2026-09-03T22:17:27,21,agent_1,-7296.9064039947,-9958.069257523768,-0.004449170734733343,5599.53125,0,0,9,0,3.3551326176617287,0.06724281440532198,20,20,0.7,2048
train_20260903_214359,2026-09-03T22:18:53,22,agent_0,-5634.229517374748,-8104.046976608236,-0.007405620813369751,4868.9514831542965,0,0,8,0,3.7221464144382654,0.15041450309048043,20,20,0.7,2048
train_20260903_214359,2026-09-03T22:18:53,22,agent_1,-10573.864435841724,-8104.046976608236,-0.004956497903913259,4868.9514831542965,0,0,6,0,2.3096144118557036,0.40611224179155037,20,20,0.7,2048
train_20260903_214359,2026-09-03T22:20:09,23,agent_0,-2024.786167016951,-10342.954287189255,-0.005482566915452481,3534.0489807128906,0,8,0,0,2.6041900095183945,0.08674369458666342,20,20,0.7,2048
train_20260903_214359,2026-09-03T22:20:09,23,agent_1,-18661.12240736156,-10342.954287189255,-0.005077395029366017,3534.0489807128906,0,0,1,0,1.8050906119317256,0.3035993458189623,20,20,0.7,2048
train_20260903_214359,2026-09-03T22:21:53,24,agent_0,-4389.455632944172,-3253.9958509504177,-0.00452731354162097,2204.8419189453125,0,3,5,0,4.172434882781377,0.27558958034974357,20,20,0.7,2048
train_20260903_214359,2026-09-03T22:21:53,24,agent_1,-2118.536068956663,-3253.9958509504177,-0.00639382004737854,2204.8419189453125,0,6,0,0,1.0438415785155246,0.08361392795649614,20,20,0.7,2048
train_20260903_214359,2026-09-03T22:23:26,25,agent_0,-4840.234895446873,-6546.354553650643,-0.006490954756736755,1795.004815673828,0,9,1,0,2.9634688843017183,0.1208992941937771,20,20,0.7,2048
train_20260903_214359,2026-09-03T22:23:26,25,agent_1,-8252.47421185441,-6546.354553650643,-0.00496965991333127,1795.004815673828,0,0,2,0,0.9657330651095399,0.07272530317369463,20,20,0.7,2048
train_20260903_214359,2026-09-03T22:24:55,26,agent_0,-4966.042044516304,-8662.987966191566,-0.005811370816081763,2853.250619506836,0,1,4,0,3.1890807385151576,0.2742020679014495,20,20,0.7,2048
train_20260903_214359,2026-09-03T22:24:55,26,agent_1,-12359.933887866828,-8662.987966191566,-0.00568119091913104,2853.250619506836,0,3,0,0,0.6920660680608546,0.040036341790181784,20,20,0.7,2048
train_20260903_214359,2026-09-03T22:26:38,27,agent_0,-16257.766995660924,-12131.928956445807,-0.0059156822971999645,4830.668475341797,0,1,1,0,0.5532458000501982,0.03766456261244244,20,20,0.7,2048
train_20260903_214359,2026-09-03T22:26:38,27,agent_1,-8006.09091723069,-12131.928956445807,-0.005883094202727079,4830.668475341797,0,0,8,0,3.1157573993176113,0.11281729935327711,20,20,0.7,2048
train_20260903_214359,2026-09-03T22:28:07,28,agent_0,-1629.0738281586098,-762.9485995237667,-0.006272120401263237,636.4638236999511,0,3,0,0,0.7146923299508506,0.04539268342089797,20,20,0.7,2048
train_20260903_214359,2026-09-03T22:28:07,28,agent_1,103.17662911107651,-762.9485995237667,-0.011209410429000855,636.4638236999511,0,18,0,0,2.2051646499910853,0.05219456314324611,20,20,0.7,2048
train_20260903_214359,2026-09-03T22:29:33,29,agent_0,-16084.273248629213,-12828.60618004703,-0.005738483462482691,3376.740692138672,0,1,0,0,0.49679229021905674,0.09385935816316582,20,20,0.7,2048
train_20260903_214359,2026-09-03T22:29:33,29,agent_1,-9572.939111464848,-12828.60618004703,-0.005595802329480648,3376.740692138672,0,0,4,0,1.0325747216430212,0.03600591962961608,20,20,0.7,2048
train_20260903_214359,2026-09-03T22:31:17,30,agent_0,-8623.531936732707,-6813.254920686325,-0.006324405875056982,1729.768731689453,0,2,0,0,0.5101311947936962,0.04227677122328333,20,20,0.7,2048
train_20260903_214359,2026-09-03T22:31:17,30,agent_1,-5002.9779046399435,-6813.254920686325,-0.00586960120126605,1729.768731689453,0,1,1,0,0.8382030703395568,0.08770795520487928,20,20,0.7,2048
train_20260903_214359,2026-09-03T22:32:46,31,agent_0,-3136.2089841305565,-6272.079583401459,-0.005794272106140852,3193.9236022949217,0,9,0,0,2.1154284473364764,0.053424621230797276,20,20,0.7,2048
train_20260903_214359,2026-09-03T22:32:46,31,agent_1,-9407.95018267236,-6272.079583401459,-0.00578645346686244,3193.9236022949217,0,5,0,0,1.279477985080077,0.07400031856910505,20,20,0.7,2048
train_20260903_214359,2026-09-03T22:34:46,32,agent_0,-6838.476703929312,-11810.080941365452,-0.005556561704725027,5839.251165771484,0,2,2,0,2.656174911351505,0.506118840584614,20,20,0.7,2048
train_20260903_214359,2026-09-03T22:34:46,32,agent_1,-16781.685178801592,-11810.080941365452,-0.007373134326189757,5839.251165771484,0,1,0,0,0.8959984861739312,0.05670355665716942,20,20,0.7,2048
train_20260903_214359,2026-09-03T22:36:27,33,agent_0,-11600.613111330764,-11754.302410902714,-0.006288714800029993,5724.533197021485,0,5,2,0,1.666631921027097,0.06353056382453115,20,20,0.7,2048
train_20260903_214359,2026-09-03T22:36:27,33,agent_1,-11907.991710474664,-11754.302410902714,-0.005121524073183536,5724.533197021485,0,1,2,0,1.262946365294573,0.0628979299471849,20,20,0.7,2048
train_20260903_214359,2026-09-03T22:38:00,34,agent_0,-5320.414452956288,-1774.9429606065169,-0.004921033326536417,991.4760070800781,0,1,1,0,0.846417133507567,0.10259287622242907,20,20,0.7,2048
train_20260903_214359,2026-09-03T22:38:00,34,agent_1,1770.5285317432547,-1774.9429606065169,-0.005622145626693964,991.4760070800781,0,13,0,0,2.9240325869789956,0.13847924402743184,20,20,0.7,2048
train_20260903_214359,2026-09-03T22:39:30,35,agent_0,809.9975975914165,-643.3723281999042,-0.006475445162504911,1638.2219604492188,0,9,0,0,1.9462685959655253,0.06161198215699726,20,20,0.7,2048
train_20260903_214359,2026-09-03T22:39:30,35,agent_1,-2096.742253991225,-643.3723281999042,-0.004962248168885708,1638.2219604492188,0,0,2,0,1.485610840631714,0.1365638539142936,20,20,0.7,2048
train_20260903_214359,2026-09-03T22:41:15,36,agent_0,-6283.498078850779,-5314.901136637829,-0.005382309015840292,1960.7451293945312,0,0,0,0,0.07469117392738578,0.0,20,20,0.7,2048
train_20260903_214359,2026-09-03T22:41:15,36,agent_1,-4346.304194424878,-5314.901136637829,-0.005775927659124136,1960.7451293945312,0,2,2,0,4.596620087969953,0.5295621736913322,20,20,0.7,2048
train_20260903_214359,2026-09-03T22:42:49,37,agent_0,3086.4614443600112,1876.9836731534974,-0.005676134582608938,1279.0439987182617,0,6,0,0,3.1269724293117345,0.6003914179028229,20,20,0.7,2048
train_20260903_214359,2026-09-03T22:42:49,37,agent_1,667.5059019469838,1876.9836731534974,-0.0063117965124547485,1279.0439987182617,0,9,1,0,3.305070760912157,0.20561810893383903,20,20,0.7,2048
train_20260903_214359,2026-09-03T22:44:18,38,agent_0,-6201.797043220369,-3998.173439883082,-0.007665342092514038,1405.903125,0,2,2,0,1.5531259125944124,0.11822181043686342,20,20,0.7,2048
train_20260903_214359,2026-09-03T22:44:18,38,agent_1,-1794.549836545795,-3998.173439883082,-0.007171558495610952,1405.903125,0,16,0,0,3.3852934163545014,0.08219359487382927,20,20,0.7,2048
train_20260903_214359,2026-09-03T22:46:11,39,agent_0,-2198.42014161244,-3530.9986296805437,-0.005924506019800902,2562.011999511719,0,13,0,0,3.824855276418763,0.16505034774006389,20,20,0.7,2048
train_20260903_214359,2026-09-03T22:46:11,39,agent_1,-4863.577117748648,-3530.9986296805437,-0.008286165166646242,2562.011999511719,0,2,6,0,3.334953191847366,0.08954590084184466,20,20,0.7,2048
train_20260903_214359,2026-09-03T22:47:46,40,agent_0,-2291.9235923819683,-1685.1144129983381,-0.006039481423795223,966.106657409668,0,10,0,0,2.2172786767594044,0.04380588295104226,20,20,0.7,2048
train_20260903_214359,2026-09-03T22:47:46,40,agent_1,-1078.3052336147077,-1685.1144129983381,-0.008807311858981847,966.106657409668,0,26,0,0,4.281062614540533,0.08861458391914634,20,20,0.7,2048
train_20260903_214359,2026-09-03T22:49:17,41,agent_0,-4962.442913618069,-3574.412348926808,-0.005583931505680084,1645.2749145507812,0,1,0,0,0.12942576988505133,0.019377364759060267,20,20,0.7,2048
train_20260903_214359,2026-09-03T22:49:17,41,agent_1,-2186.3817842355475,-3574.412348926808,-0.005497737973928452,1645.2749145507812,0,1,5,0,4.737853786776198,0.6610920443410476,20,20,0.7,2048
train_20260903_214359,2026-09-03T22:51:09,42,agent_0,-5164.965675254429,-1909.0715768991508,-0.0072136372327804565,1367.1447769165038,0,8,4,0,3.50185722415842,0.1117402178526975,20,20,0.7,2048
train_20260903_214359,2026-09-03T22:51:09,42,agent_1,1346.8225214561269,-1909.0715768991508,-0.00554247060790658,1367.1447769165038,0,19,0,0,3.7303301701535543,0.11401876606887196,20,20,0.7,2048
train_20260903_214359,2026-09-03T22:53:28,43,agent_0,69.24648402522956,-2117.250414069378,-0.005742620024830103,1617.3787170410155,0,8,0,0,5.336567682056871,0.3800023745158565,20,20,0.7,2048
train_20260903_214359,2026-09-03T22:53:28,43,agent_1,-4303.747312163986,-2117.250414069378,-0.005673967208713293,1617.3787170410155,0,2,1,0,1.8193652766485915,0.043717120773650975,20,20,0.7,2048
train_20260903_214359,2026-09-03T22:54:58,44,agent_0,1778.5351696337927,-1446.98349966484,-0.007570077106356621,1868.9935729980468,0,14,0,0,3.729031156824308,0.13369894117842684,20,20,0.7,2048
train_20260903_214359,2026-09-03T22:54:58,44,agent_1,-4672.502168963473,-1446.98349966484,-0.006637322530150413,1868.9935729980468,0,7,0,0,3.313725477149644,0.08970559051752214,20,20,0.7,2048
train_20260903_214359,2026-09-03T22:56:46,45,agent_0,322.46849972861236,-2156.259183982709,-0.008062658645212651,1418.3838287353515,0,12,0,0,3.8152059538510503,0.2661222234820215,20,20,0.7,2048
train_20260903_214359,2026-09-03T22:56:46,45,agent_1,-4634.9868676940305,-2156.259183982709,-0.007409640587866306,1418.3838287353515,0,4,1,0,6.095885202667831,0.8922470336215546,20,20,0.7,2048
train_20260903_214359,2026-09-03T22:58:21,46,agent_0,116.81968668708731,999.764441244551,-0.006728522107005119,1074.6747970581055,0,8,1,0,3.386392575801479,0.2866000594327862,20,20,0.7,2048
train_20260903_214359,2026-09-03T22:58:21,46,agent_1,1882.7091958020146,999.764441244551,-0.005071191024035216,1074.6747970581055,0,19,0,0,4.993576270450554,0.5187509334484437,20,20,0.7,2048
train_20260903_214359,2026-09-03T23:01:20,47,agent_0,-5737.305188056,-2606.1083399295985,-0.0064956963062286375,1487.9980773925781,0,6,1,0,3.9186487433962403,0.3111889510388848,20,20,0.7,2048
train_20260903_214359,2026-09-03T23:01:20,47,agent_1,525.0885081968024,-2606.1083399295985,-0.006270906422287226,1487.9980773925781,0,16,0,0,3.677863712703002,0.08467721605967182,20,20,0.7,2048
train_20260903_214359,2026-09-03T23:04:43,48,agent_0,-2385.4359029280913,-966.7010733864416,-0.005406125355511904,1040.8491500854493,0,19,2,0,3.268525699981436,0.13047832976158158,20,20,0.7,2048
train_20260903_214359,2026-09-03T23:04:43,48,agent_1,452.03375615520804,-966.7010733864416,-0.006347329448908567,1040.8491500854493,0,12,0,0,4.3417722147090085,0.7527878288697343,20,20,0.7,2048
train_20260903_214359,2026-09-03T23:06:25,49,agent_0,-2562.876346946762,-3102.95922789254,-0.005253510363399982,1441.0684631347656,0,8,1,0,3.588427524375019,0.22956192067760917,20,20,0.7,2048
train_20260903_214359,2026-09-03T23:06:25,49,agent_1,-3643.0421088383187,-3102.95922789254,-0.007291336450725794,1441.0684631347656,0,25,2,0,4.4986815726314076,0.0563677952582925,20,20,0.7,2048
train_20260903_214359,2026-09-03T23:07:55,50,agent_0,1148.079208043424,2846.4147502372152,-0.007497432362288237,707.960334777832,0,14,0,0,3.3342336683347407,0.052627734441500484,20,20,0.7,2048
train_20260903_214359,2026-09-03T23:07:55,50,agent_1,4544.7502924310065,2846.4147502372152,-0.006820863857865333,707.960334777832,0,3,0,0,6.4675678462236705,0.6434756971205609,20,20,0.7,2048
train_20260903_214359,2026-09-03T23:09:45,51,agent_0,-7243.241578162468,-5823.315773436562,-0.006638700608164072,1296.058708190918,0,6,5,0,4.479227066096421,0.12160584372499561,20,20,0.7,2048
train_20260903_214359,2026-09-03T23:09:45,51,agent_1,-4403.389968710657,-5823.315773436562,-0.006771963648498058,1296.058708190918,0,21,0,0,4.954511974193516,0.07789652844694483,20,20,0.7,2048
train_20260903_214359,2026-09-03T23:11:11,52,agent_0,-6465.254713954174,-1025.4916733727946,-0.00815899232402444,974.0493881225586,0,3,0,0,0.9045841187304358,0.08323560480612557,20,20,0.7,2048
train_20260903_214359,2026-09-03T23:11:11,52,agent_1,4414.271367208585,-1025.4916733727946,-0.008308022096753121,974.0493881225586,0,5,0,0,6.092803575828895,0.6069068892575348,20,20,0.7,2048
train_20260903_214359,2026-09-03T23:13:26,53,agent_0,1.049302108895216,155.13921458242606,-0.006807988416403532,452.6440689086914,0,23,0,0,4.050538198069406,0.03983819900157248,20,20,0.7,2048
train_20260903_214359,2026-09-03T23:13:26,53,agent_1,309.2291270559569,155.13921458242606,-0.00845669936388731,452.6440689086914,0,21,0,0,3.6874592744003407,0.06522793654907388,20,20,0.7,2048
train_20260903_214359,2026-09-03T23:15:28,54,agent_0,343.3600637101534,-4246.598403589076,-0.0064704535529017445,876.9800399780273,0,25,0,0,3.4091618348856083,0.026427765064202302,20,20,0.7,2048
train_20260903_214359,2026-09-03T23:15:28,54,agent_1,-8836.556870888306,-4246.598403589076,-0.005476428661495447,876.9800399780273,0,24,0,0,4.357617179433569,0.28464858869331733,20,20,0.7,2048
train_20260903_214359,2026-09-03T23:17:06,55,agent_0,1382.8237587512367,1333.9980694860808,-0.006772195361554623,318.91704483032225,0,21,0,0,3.3313605172986036,0.05521856610803322,20,20,0.7,2048
train_20260903_214359,2026-09-03T23:17:06,55,agent_1,1285.1723802209249,1333.9980694860808,-0.006007708329707384,318.91704483032225,0,17,0,0,4.382694789084406,0.1287155309991056,20,20,0.7,2048
train_20260903_214359,2026-09-03T23:18:41,56,agent_0,-2130.0456321140587,-639.4486309429735,-0.005986883211880923,368.7050148010254,0,18,0,0,2.2092276320261024,0.02652774421090265,20,20,0.7,2048
train_20260903_214359,2026-09-03T23:18:41,56,agent_1,851.1483702281116,-639.4486309429735,-0.005494067724794149,368.7050148010254,0,26,0,0,4.756886417892234,0.21801374102891669,20,20,0.7,2048
train_20260903_214359,2026-09-03T23:20:36,57,agent_0,1125.8229276654174,-1291.746536846251,-0.007484703324735165,590.25531539917,0,15,0,0,3.5706336292803385,0.08429198730695964,20,20,0.7,2048
train_20260903_214359,2026-09-03T23:20:36,57,agent_1,-3709.3160013579195,-1291.746536846251,-0.006659961398690939,590.25531539917,0,14,0,0,5.465823833684743,0.31558898786055767,20,20,0.7,2048
train_20260903_214359,2026-09-03T23:22:15,58,agent_0,3539.248671081348,2728.3894414907927,-0.007070686854422093,815.116130065918,0,3,0,0,5.96423555989995,0.7218459052243786,20,20,0.7,2048
train_20260903_214359,2026-09-03T23:22:15,58,agent_1,1917.5302119002374,2728.3894414907927,-0.004533459804952145,815.116130065918,1,8,0,0,5.797639273982395,0.9948773844080124,20,20,0.7,2048
train_20260903_214359,2026-09-03T23:23:52,59,agent_0,-640.2724851189689,779.0001819959203,-0.005556256975978613,1234.4731170654297,0,1,0,0,3.2603240402780322,0.5929011171994933,20,20,0.7,2048
train_20260903_214359,2026-09-03T23:23:52,59,agent_1,2198.2728491108096,779.0001819959203,-0.0051551426760852335,1234.4731170654297,0,18,0,0,5.279671095418785,0.1047014573058096,20,20,0.7,2048
train_20260903_214359,2026-09-03T23:25:54,60,agent_0,1381.94320859823,535.2207274038834,-0.006783308554440736,954.0806243896484,0,17,0,0,3.0440130725502437,0.12330396418117373,20,20,0.7,2048
train_20260903_214359,2026-09-03T23:25:54,60,agent_1,-311.50175379046317,535.2207274038834,-0.0057817911729216576,954.0806243896484,0,4,0,0,4.683826208338593,0.3457557257503686,20,20,0.7,2048
train_20260903_214359,2026-09-03T23:27:40,61,agent_0,1517.7252977126952,-158.2127713843313,-0.004289544466882944,749.6134185791016,0,19,0,0,3.1992414072170545,0.06905205978783169,20,20,0.7,2048
train_20260903_214359,2026-09-03T23:27:40,61,agent_1,-1834.1508404813578,-158.2127713843313,-0.007283490523695946,749.6134185791016,0,3,0,0,5.732105194524392,0.6957301127875284,20,20,0.7,2048
train_20260903_214359,2026-09-03T23:29:20,62,agent_0,1792.7207564964954,2375.9739495853373,-0.007375458162277937,680.0076614379883,0,18,0,0,2.981026897283489,0.03592326886620334,20,20,0.7,2048
train_20260903_214359,2026-09-03T23:29:20,62,agent_1,2959.2271426741795,2375.9739495853373,-0.0043565076775848866,680.0076614379883,0,3,1,0,4.912567812297205,0.9941917370561384,20,20,0.7,2048
train_20260903_214359,2026-09-03T23:31:18,63,agent_0,1510.2231209339411,4392.235953238856,-0.00476980246603489,328.89048080444337,0,19,0,0,3.2059773318181306,0.05322348054752046,20,20,0.7,2048
train_20260903_214359,2026-09-03T23:31:18,63,agent_1,7274.248785543771,4392.235953238856,-0.005439785961061716,328.89048080444337,0,0,0,0,4.543838720892239,0.0,20,20,0.7,2048
train_20260903_214359,2026-09-03T23:33:04,64,agent_0,1851.7676181368315,2957.0849674382052,-0.005043017398566008,350.8956211090088,0,15,0,0,3.287263408593508,0.10134699052970797,20,20,0.7,2048
train_20260903_214359,2026-09-03T23:33:04,64,agent_1,4062.4023167395785,2957.0849674382052,-0.0060587689280509945,350.8956211090088,0,6,0,0,3.6962963350287437,0.5343244338922912,20,20,0.7,2048
train_20260903_214359,2026-09-03T23:34:51,65,agent_0,-5062.422568639086,-2766.5134707705924,-0.005038656201213599,840.7976379394531,0,6,0,0,1.7544452475329286,0.06687131997619855,20,20,0.7,2048
train_20260903_214359,2026-09-03T23:34:51,65,agent_1,-470.6043729020987,-2766.5134707705924,-0.006414441112428904,840.7976379394531,0,12,0,0,3.457524220069305,0.10395653873977961,20,20,0.7,2048
train_20260903_214359,2026-09-03T23:36:47,66,agent_0,2154.261376863254,2114.1297472324322,-0.007584818545728922,583.923169708252,0,7,0,0,4.504267124035521,0.208799340148199,20,20,0.7,2048
train_20260903_214359,2026-09-03T23:36:47,66,agent_1,2073.9981176016104,2114.1297472324322,-0.005852214433252812,583.923169708252,1,3,0,0,3.9194789536515247,0.9942504351282503,20,20,0.7,2048
train_20260903_214359,2026-09-03T23:38:32,67,agent_0,1990.1302474447534,3000.123113511411,-0.005072665028274059,344.4709297180176,0,15,0,0,3.2388688380047514,0.04072643823462363,20,20,0.7,2048
train_20260903_214359,2026-09-03T23:38:32,67,agent_1,4010.115979578068,3000.123113511411,-0.0066214344464242455,344.4709297180176,1,2,0,0,4.547030671345278,0.9941685475500099,20,20,0.7,2048
train_20260903_214359,2026-09-03T23:40:16,68,agent_0,2133.843591602458,1358.630968487676,-0.004949235543608666,276.81282539367675,0,16,0,0,3.75294904577381,0.07500281653523433,20,20,0.7,2048
train_20260903_214359,2026-09-03T23:40:16,68,agent_1,583.418345372894,1358.630968487676,-0.00617330688983202,276.81282539367675,0,13,0,0,2.184927523038585,0.02870993058043214,20,20,0.7,2048
train_20260903_214359,2026-09-03T23:42:28,69,agent_0,1065.3095449530358,-2000.696528361159,-0.006081469357013702,461.66416015625,0,17,0,0,4.120638220794835,0.04758576207015497,20,20,0.7,2048
train_20260903_214359,2026-09-03T23:42:28,69,agent_1,-5066.702601675353,-2000.696528361159,-0.005545010976493359,461.66416015625,0,24,0,0,2.3570750762471753,0.03938110218745572,20,20,0.7,2048
train_20260903_214359,2026-09-03T23:44:16,70,agent_0,3329.9052575373257,2655.037509343697,-0.005119833722710609,213.6696350097656,0,12,0,0,3.670597990517937,0.0628583567326585,20,20,0.7,2048
train_20260903_214359,2026-09-03T23:44:16,70,agent_1,1980.1697611500683,2655.037509343697,-0.005272709671407938,213.6696350097656,0,13,0,0,3.0386942966549992,0.06288380437979246,20,20,0.7,2048
train_20260903_214359,2026-09-03T23:45:56,71,agent_0,-32146.00540521724,-15285.31574400248,-0.006614502239972353,3590.098014831543,0,1,0,0,0.17311293935062158,0.02007595223898062,20,20,0.7,2048
train_20260903_214359,2026-09-03T23:45:56,71,agent_1,1575.3739172122814,-15285.31574400248,-0.00799779687076807,3590.098014831543,0,11,0,0,2.707429687204145,0.07000620387688039,20,20,0.7,2048
train_20260903_214359,2026-09-03T23:48:04,72,agent_0,574.7212995892708,-1742.3300171504493,-0.0065681830048561094,763.0590774536133,0,13,0,0,3.4344224223088458,0.04227514458440185,20,20,0.7,2048
train_20260903_214359,2026-09-03T23:48:04,72,agent_1,-4059.3813338901696,-1742.3300171504493,-0.006572527717798949,763.0590774536133,0,23,0,0,3.786421998057107,0.08359728780450992,20,20,0.7,2048
train_20260903_214359,2026-09-03T23:49:52,73,agent_0,-28650.295484195674,-13733.047496859577,-0.005441704392433166,3009.61706237793,0,0,2,0,0.3493508795247845,0.016731599682451415,20,20,0.7,2048
train_20260903_214359,2026-09-03T23:49:52,73,agent_1,1184.200490476518,-13733.047496859577,-0.005858996696770191,3009.61706237793,0,17,0,0,3.424523628478344,0.04479017105583871,20,20,0.7,2048
train_20260903_214359,2026-09-03T23:51:38,74,agent_0,2311.346842405373,255.08218632512808,-0.005044762045145035,515.5335983276367,0,6,0,0,3.7888223873029165,0.9831601059637612,20,20,0.7,2048
train_20260903_214359,2026-09-03T23:51:38,74,agent_1,-1801.182469755117,255.08218632512808,-0.0063196104019880295,515.5335983276367,0,22,0,0,3.5391761064895384,0.0448720304403627,20,20,0.7,2048
train_20260903_214359,2026-09-03T23:54:49,75,agent_0,-80.00633889172407,743.6637580855523,-0.006512548215687275,189.5639928817749,0,13,0,0,1.7234944333417757,0.09267965988726123,20,20,0.7,2048
train_20260903_214359,2026-09-03T23:54:49,75,agent_1,1567.3338550628287,743.6637580855523,-0.006347915157675743,189.5639928817749,0,17,0,0,3.424331377899108,0.03612945412494406,20,20,0.7,2048
train_20260903_214359,2026-09-03T23:57:34,76,agent_0,381.4509665039219,183.13333818176062,-0.005858320370316505,237.12223014831542,0,8,0,0,2.210472302232051,0.054101113478268625,20,20,0.7,2048
train_20260903_214359,2026-09-03T23:57:34,76,agent_1,-15.184290140400638,183.13333818176062,-0.006261290702968836,237.12223014831542,0,10,0,0,2.2535914706903877,0.039307862378823,20,20,0.7,2048
train_20260903_235741,2026-09-03T23:59:51,75,agent_0,2164.412702914224,-2982.284943648966,-0.005644102394580841,729.7298530578613,0,14,0,0,2.899957771607089,0.04074545350437009,20,20,0.7,2048
train_20260903_235741,2026-09-03T23:59:51,75,agent_1,-8128.982590212156,-2982.284943648966,-0.005880544520914554,729.7298530578613,0,0,3,0,0.4457723770956833,0.0,20,20,0.7,2048
train_20260904_000402,2026-09-04T00:06:03,75,agent_0,8957.42264279699,2535.0116109583296,-0.005948757380247116,227.83049640655517,0,0,0,0,5.107905980125796,0.0,20,20,0.7,2048
train_20260904_000402,2026-09-04T00:06:03,75,agent_1,-3887.399420880331,2535.0116109583296,-0.004787625279277563,227.83049640655517,0,4,0,0,0.7203366647571499,0.06672095472575279,20,20,0.7,2048
train_20260904_000402,2026-09-04T00:07:53,76,agent_0,-429.5855184893332,658.8616792312365,-0.005318716820329428,367.96497268676757,0,16,0,0,3.3679897273898627,0.0638713563148744,20,20,0.7,2048
train_20260904_000402,2026-09-04T00:07:53,76,agent_1,1747.3088769518063,658.8616792312365,-0.00572199271991849,367.96497268676757,0,9,0,0,4.773685332810013,0.7468241643986592,20,20,0.7,2048
train_20260904_000402,2026-09-04T00:09:38,77,agent_0,1494.20514134576,2673.024224919198,-0.005224352888762951,313.03906059265137,0,18,0,0,3.2620595596662487,0.0633481481503515,20,20,0.7,2048
train_20260904_000402,2026-09-04T00:09:38,77,agent_1,3851.8433084926355,2673.024224919198,-0.007882904633879662,313.03906059265137,0,4,0,0,5.38604016624236,0.4015112238816877,20,20,0.7,2048
train_20260904_000402,2026-09-04T00:11:47,78,agent_0,7000.165860568609,3860.7871798536803,-0.00675721038132906,297.2950160980225,0,1,0,0,5.241722348031829,0.5780633699581776,20,20,0.7,2048
train_20260904_000402,2026-09-04T00:11:47,78,agent_1,721.4084991387518,3860.7871798536803,-0.004712227825075388,297.2950160980225,0,16,0,0,3.090841927678523,0.0467136143469149,20,20,0.7,2048
train_20260904_000402,2026-09-04T00:13:46,79,agent_0,-847.0078618326341,-360.8827643589981,-0.005105547420680523,339.5107078552246,0,12,0,0,2.1689614298893116,0.04473183230625455,20,20,0.7,2048
train_20260904_000402,2026-09-04T00:13:46,79,agent_1,125.24233311463797,-360.8827643589981,-0.0044988318346440796,339.5107078552246,0,13,1,0,2.7997242330256578,0.05428402862894033,20,20,0.7,2048
train_20260904_000402,2026-09-04T00:15:35,80,agent_0,-4360.246798825162,-2632.6047590089843,-0.00517554422840476,611.4494171142578,0,0,0,0,0.3330041577700422,0.0,20,20,0.7,2048
train_20260904_000402,2026-09-04T00:15:35,80,agent_1,-904.9627191928065,-2632.6047590089843,-0.0063314087688922886,611.4494171142578,0,12,0,0,3.5521927368789648,0.09552601213328427,20,20,0.7,2048
train_20260904_000402,2026-09-04T00:17:42,81,agent_0,2257.4913575132705,4123.358756866512,-0.006869811471551657,405.998694229126,0,10,0,0,2.7709512584900216,0.07314017523068084,20,20,0.7,2048
train_20260904_000402,2026-09-04T00:17:42,81,agent_1,5989.226156219752,4123.358756866512,-0.006735207606106996,405.998694229126,0,3,0,0,5.080785530486237,0.7555098719468599,20,20,0.7,2048
train_20260904_000402,2026-09-04T00:19:38,82,agent_0,2714.9469452652834,2038.1598935633274,-0.004591983463615179,210.5524475097656,0,9,0,0,2.5103618161663914,0.05124850567119732,20,20,0.7,2048
train_20260904_000402,2026-09-04T00:19:38,82,agent_1,1361.3728418613712,2038.1598935633274,-0.0051666609942913055,210.5524475097656,0,24,0,0,3.479789907213538,0.027821670801224996,20,20,0.7,2048
train_20260904_000402,2026-09-04T00:21:32,83,agent_0,-3114.8302176678753,-1196.9236344108022,-0.005328323598951102,794.1793533325196,0,3,4,0,1.7646229981398402,0.04216555183101578,20,20,0.7,2048
train_20260904_000402,2026-09-04T00:21:32,83,agent_1,720.9829488462711,-1196.9236344108022,-0.00537503669038415,794.1793533325196,0,12,0,0,3.1768149217572335,0.098178643189333,20,20,0.7,2048
train_20260904_000402,2026-09-04T00:23:50,84,agent_0,1375.7984764891885,836.514845068729,-0.006111463904380799,255.92609634399415,0,20,0,0,2.8949270707065833,0.06368843003247315,20,20,0.7,2048
train_20260904_000402,2026-09-04T00:23:50,84,agent_1,297.2312136482694,836.514845068729,-0.004955558106303215,255.92609634399415,0,14,0,0,3.047565451398264,0.04917680081096776,20,20,0.7,2048
train_20260904_000402,2026-09-04T00:25:47,85,agent_0,8734.936459869385,4504.724453563,-0.004978431947529316,196.97789363861085,0,0,0,0,4.036856960615675,0.0,20,20,0.7,2048
train_20260904_000402,2026-09-04T00:25:47,85,agent_1,274.5124472566158,4504.724453563,-0.004180590808391571,196.97789363861085,0,16,0,0,2.6761537398800197,0.03965188489138172,20,20,0.7,2048
train_20260904_000402,2026-09-04T00:27:42,86,agent_0,2557.1894453387463,3836.196258239179,-0.005757903587073088,940.5274291992188,0,8,0,0,2.51804104267508,0.0892369817855797,20,20,0.7,2048
train_20260904_000402,2026-09-04T00:27:42,86,agent_1,5115.203071139611,3836.196258239179,-0.005054232012480497,940.5274291992188,0,9,0,0,4.0476685916551896,0.14296708387388768,20,20,0.7,2048
train_20260904_000402,2026-09-04T00:29:49,87,agent_0,6537.98574662616,3727.4823900229926,-0.006739159300923348,217.70198974609374,0,1,0,0,3.948276125560361,0.6023223873757211,20,20,0.7,2048
train_20260904_000402,2026-09-04T00:29:49,87,agent_1,916.9790334198252,3727.4823900229926,-0.0064876901917159556,217.70198974609374,0,14,0,0,2.875340448595145,0.06913457686650859,20,20,0.7,2048
train_20260904_000402,2026-09-04T00:31:42,88,agent_0,1409.2196867105458,3699.00940412414,-0.00578969232738018,288.7405689239502,0,15,0,0,3.099773861741524,0.06821747953483936,20,20,0.7,2048
train_20260904_000402,2026-09-04T00:31:42,88,agent_1,5988.799121537734,3699.00940412414,-0.007505735103040934,288.7405689239502,0,2,0,0,5.123072226157495,0.6770342776468321,20,20,0.7,2048
train_20260904_000402,2026-09-04T00:33:32,89,agent_0,4954.158773732065,3239.061032455416,-0.004907770454883576,483.4809814453125,0,0,2,0,4.582021273998441,0.6142360156843278,20,20,0.7,2048
train_20260904_000402,2026-09-04T00:33:32,89,agent_1,1523.9632911787664,3239.061032455416,-0.005890449974685907,483.4809814453125,0,13,0,0,4.136760289240044,0.0787404432361345,20,20,0.7,2048
train_20260904_000402,2026-09-04T00:35:39,90,agent_0,-1578.8761879763233,45.92441955930724,-0.005945978593081236,604.3760627746582,0,0,7,0,2.5975094959547054,0.07639516784841283,20,20,0.7,2048
train_20260904_000402,2026-09-04T00:35:39,90,agent_1,1670.7250270949378,45.92441955930724,-0.005560104828327894,604.3760627746582,0,18,0,0,4.568895699604523,0.04074908949032885,20,20,0.7,2048
train_20260904_000402,2026-09-04T00:37:24,91,agent_0,1010.1488013057516,3595.246670399812,-0.0060184597037732605,364.59495010375974,0,8,0,0,2.5823334594988987,0.08638371197624262,20,20,0.7,2048
train_20260904_000402,2026-09-04T00:37:24,91,agent_1,6180.344539493873,3595.246670399812,-0.008406184427440167,364.59495010375974,0,3,0,0,5.695998835071428,0.7657303948910522,20,20,0.7,2048
train_20260904_000402,2026-09-04T00:39:15,92,agent_0,-1222.7571706454905,-472.5753614365084,-0.005579353868961334,453.88142852783204,0,17,0,0,3.1892019263492353,0.04744254779589785,20,20,0.7,2048
train_20260904_000402,2026-09-04T00:39:15,92,agent_1,277.60644777247376,-472.5753614365084,-0.006583672575652599,453.88142852783204,0,14,0,0,5.957601929940024,0.7598931190866182,20,20,0.7,2048
train_20260904_000402,2026-09-04T00:41:26,93,agent_0,5930.636269802429,5584.959911888309,-0.005009797774255276,739.3850852966309,0,2,0,0,5.317568096740148,0.48494728275872,20,20,0.7,2048
train_20260904_000402,2026-09-04T00:41:26,93,agent_1,5239.283553974189,5584.959911888309,-0.007168630231171846,739.3850852966309,0,3,0,0,7.924954325815324,0.5391432799636096,20,20,0.7,2048
train_20260904_000402,2026-09-04T00:43:29,94,agent_0,6288.3765130024585,2744.073254841083,-0.003531234711408615,730.8325927734375,0,3,0,0,6.20314598565404,0.8136180687503549,20,20,0.7,2048
train_20260904_000402,2026-09-04T00:43:29,94,agent_1,-800.2300033202926,2744.073254841083,-0.005102417711168527,730.8325927734375,0,18,0,0,5.477001194988052,0.11913718337376311,20,20,0.7,2048
train_20260904_000402,2026-09-04T00:45:29,95,agent_0,2706.883209875047,1691.9211374331662,-0.005620433483272791,535.3108070373535,0,14,0,0,2.9432131059808495,0.075126420702607,20,20,0.7,2048
train_20260904_000402,2026-09-04T00:45:29,95,agent_1,676.9590649912853,1691.9211374331662,-0.005943093076348304,535.3108070373535,0,18,1,0,5.225503372211562,0.4972046264134573,20,20,0.7,2048
train_20260904_000402,2026-09-04T00:47:48,96,agent_0,3673.0591876377994,2377.9087155138877,-0.005558950360864401,455.31843719482424,0,4,0,0,4.783942423830106,0.29507639167445643,20,20,0.7,2048
train_20260904_000402,2026-09-04T00:47:48,96,agent_1,1082.7582433899765,2377.9087155138877,-0.005177202727645635,455.31843719482424,0,23,0,0,5.077324194116071,0.06788338851145381,20,20,0.7,2048
train_20260904_000402,2026-09-04T00:49:52,97,agent_0,268.7112873142016,-531.0423492128172,-0.006949657294899225,298.063330078125,0,2,1,0,3.424348404344646,0.3068890199091461,20,20,0.7,2048
train_20260904_000402,2026-09-04T00:49:52,97,agent_1,-1330.795985739836,-531.0423492128172,-0.005773748271167278,298.063330078125,0,28,0,0,4.617218192270611,0.035486884981927314,20,20,0.7,2048
train_20260904_000402,2026-09-04T00:51:59,98,agent_0,-1580.3169735200565,-4617.473718733691,-0.006736035645008087,1376.043115234375,0,6,2,0,5.478944592800821,0.5489079927492543,20,20,0.7,2048
train_20260904_000402,2026-09-04T00:51:59,98,agent_1,-7654.6304639473265,-4617.473718733691,-0.005565931461751461,1376.043115234375,0,30,0,0,4.799035993758774,0.06873643877824398,20,20,0.7,2048
train_20260904_000402,2026-09-04T00:54:19,99,agent_0,2922.6764078788083,2327.1388884001726,-0.0050296299159526825,636.746752166748,0,2,2,0,5.0269857789511345,0.3541548391083006,20,20,0.7,2048
train_20260904_000402,2026-09-04T00:54:19,99,agent_1,1731.601368921537,2327.1388884001726,-0.0054554053582251075,636.746752166748,0,18,0,0,4.4521309239130336,0.06399534977106314,20,20,0.7,2048
train_20260904_000402,2026-09-04T00:56:22,100,agent_0,-1762.7039135365399,924.038152066227,-0.006198127008974552,671.1748550415039,0,47,0,0,2.89509374592428,0.04365883564149575,20,20,0.7,2048
train_20260904_000402,2026-09-04T00:56:22,100,agent_1,3610.780217668994,924.038152066227,-0.006800306960940361,671.1748550415039,0,4,0,0,7.065848062596319,0.9842734746200439,20,20,0.7,2048
train_20260904_000402,2026-09-04T00:58:24,101,agent_0,2561.1322916279278,2112.8948452744426,-0.005042812414467334,167.0083375930786,0,13,0,0,3.8100121512949006,0.12995715279152453,20,20,0.7,2048
train_20260904_000402,2026-09-04T00:58:24,101,agent_1,1664.6573989209576,2112.8948452744426,-0.005824971944093704,167.0083375930786,0,20,0,0,4.832175819634718,0.07168675130343594,20,20,0.7,2048
train_20260904_000402,2026-09-04T01:00:43,102,agent_0,1967.0988107243863,-368.4450381033647,-0.006054086517542601,137.4677526473999,0,22,0,0,3.461462475877843,0.31383094918904963,20,20,0.7,2048
train_20260904_000402,2026-09-04T01:00:43,102,agent_1,-2703.9888869311158,-368.4450381033647,-0.0076476304791867735,137.4677526473999,0,27,0,0,3.8158364642740197,0.035641104044839444,20,20,0.7,2048
train_20260904_000402,2026-09-04T01:02:34,103,agent_0,7603.072141022116,4622.7238621357965,-0.006202338915318251,342.4873302459717,1,0,0,0,5.552108780114558,0.9956472375948237,20,20,0.7,2048
train_20260904_000402,2026-09-04T01:02:34,103,agent_1,1642.3755832494764,4622.7238621357965,-0.006364420522004366,342.4873302459717,0,18,0,0,4.228361828376535,0.1156413581253456,20,20,0.7,2048
train_20260904_000402,2026-09-04T01:04:22,104,agent_0,4662.978190489954,-1223.7442529759833,-0.006064519658684731,903.009334564209,0,1,1,0,4.145335906880237,0.4046917698184659,20,20,0.7,2048
train_20260904_000402,2026-09-04T01:04:22,104,agent_1,-7110.46669644192,-1223.7442529759833,-0.006004781648516655,903.009334564209,0,2,8,0,1.6393553850653682,0.03445047330258444,20,20,0.7,2048
train_20260904_000402,2026-09-04T01:06:41,105,agent_0,6077.691966491266,5293.597070221276,-0.006375481374561787,1144.5425888061523,0,3,0,0,5.218958793446277,0.8389094209440712,20,20,0.7,2048
train_20260904_000402,2026-09-04T01:06:41,105,agent_1,4509.502173951286,5293.597070221276,-0.006627700757235289,1144.5425888061523,0,2,1,0,5.656793276591215,0.9844986255155194,20,20,0.7,2048
train_20260904_000402,2026-09-04T01:08:42,106,agent_0,-2187.219793265583,-1209.8803634209132,-0.006215053051710129,320.9850563049316,0,21,0,0,3.4653628824547202,0.08086053982416053,20,20,0.7,2048
train_20260904_000402,2026-09-04T01:08:42,106,agent_1,-232.5409335762434,-1209.8803634209132,-0.005509025976061821,320.9850563049316,0,19,0,0,4.351544240882252,0.04725487929460248,20,20,0.7,2048
train_20260904_000402,2026-09-04T01:11:04,107,agent_0,-353.85485966697007,1076.4615761681016,-0.005063734017312527,152.57813472747802,0,17,0,0,3.1014310464888952,0.037058375113477315,20,20,0.7,2048
train_20260904_000402,2026-09-04T01:11:04,107,agent_1,2506.7780120031734,1076.4615761681016,-0.00547231612727046,152.57813472747802,0,17,0,0,4.241014766123019,0.0954010613261359,20,20,0.7,2048
train_20260904_000402,2026-09-04T01:13:25,108,agent_0,-62.77481322912567,3070.072126568745,-0.004872969910502433,246.15850639343262,0,6,0,0,1.7481172298057113,0.05769083843637823,20,20,0.7,2048
train_20260904_000402,2026-09-04T01:13:25,108,agent_1,6202.919066366615,3070.072126568745,-0.004011483024805784,246.15850639343262,0,5,0,0,5.931613795041254,0.5843376640763609,20,20,0.7,2048
train_20260904_000402,2026-09-04T01:15:33,109,agent_0,-1238.7381712214822,-2008.9151345753971,-0.004201371781527996,629.846548461914,0,15,0,0,2.342630887365924,0.04107344414611247,20,20,0.7,2048
train_20260904_000402,2026-09-04T01:15:33,109,agent_1,-2779.0920979293123,-2008.9151345753971,-0.005380924511700869,629.846548461914,0,12,2,0,4.434140870344119,0.06348959110559749,20,20,0.7,2048
train_20260904_000402,2026-09-04T01:17:31,110,agent_0,2259.3727712511195,4530.74045801807,-0.006461301725357771,449.8361221313477,0,13,0,0,3.6971953833791216,0.0730322698697411,20,20,0.7,2048
train_20260904_000402,2026-09-04T01:17:31,110,agent_1,6802.10814478502,4530.74045801807,-0.005819990206509829,449.8361221313477,0,2,0,0,6.042194377092628,0.9934187780142043,20,20,0.7,2048
train_20260904_000402,2026-09-04T01:19:50,111,agent_0,-4825.790513451083,-1104.7796566142983,-0.004515553917735815,715.6665306091309,0,25,0,0,2.915222938412627,0.05324957292463606,20,20,0.7,2048
train_20260904_000402,2026-09-04T01:19:50,111,agent_1,2616.231200222486,-1104.7796566142983,-0.006677440088242293,715.6665306091309,0,11,0,0,4.8279811283307605,0.05709275365572564,20,20,0.7,2048
train_20260904_000402,2026-09-04T01:21:53,112,agent_0,6426.75179152785,3391.2231304994098,-0.005363968014717102,500.3174690246582,0,3,0,0,6.136132039272149,0.8283226261430341,20,20,0.7,2048
train_20260904_000402,2026-09-04T01:21:53,112,agent_1,355.69446947096924,3391.2231304994098,-0.00531562501564622,500.3174690246582,0,11,1,0,2.5966944841911963,0.07531074306067354,20,20,0.7,2048
train_20260904_000402,2026-09-04T01:23:54,113,agent_0,4682.156194198363,2601.469674241079,-0.006045926176011562,622.0356651306153,1,0,1,0,6.2661965499233965,0.9946250110099154,20,20,0.7,2048
train_20260904_000402,2026-09-04T01:23:54,113,agent_1,520.7831542837947,2601.469674241079,-0.006517746485769749,622.0356651306153,0,16,0,0,2.8818947848517387,0.08276435668427173,20,20,0.7,2048
train_20260904_000402,2026-09-04T01:26:19,114,agent_0,1753.4005729786643,-1143.8522206416897,-0.005537160485982895,295.06185188293455,0,22,0,0,3.844202971671934,0.08497022172018742,20,20,0.7,2048
train_20260904_000402,2026-09-04T01:26:20,114,agent_1,-4041.105014262044,-1143.8522206416897,-0.005613155104219914,295.06185188293455,0,13,1,0,1.922648280721052,0.0258071774619707,20,20,0.7,2048
train_20260904_000402,2026-09-04T01:28:24,115,agent_0,3475.5044369635402,2152.0310567797574,-0.006010847631841898,770.9439651489258,0,6,0,0,6.614681646125759,0.4991252218711215,20,20,0.7,2048
train_20260904_000402,2026-09-04T01:28:24,115,agent_1,828.5576765959742,2152.0310567797574,-0.006972109246999025,770.9439651489258,0,7,0,0,2.741305895448159,0.0961287545800833,20,20,0.7,2048
train_20260904_000402,2026-09-04T01:30:35,116,agent_0,-809.491261565856,798.5660340311385,-0.006658432818949222,905.4298934936523,0,18,0,0,4.086368135032446,0.06488846783610791,20,20,0.7,2048
train_20260904_000402,2026-09-04T01:30:35,116,agent_1,2406.623329628133,798.5660340311385,-0.005265918560326099,905.4298934936523,0,9,0,0,5.2514130654792766,0.1418709850138824,20,20,0.7,2048
train_20260904_000402,2026-09-04T01:33:07,117,agent_0,2874.6682781213285,-2363.3168472086372,-0.00573965823277831,1182.4151962280273,0,6,0,0,7.732831161505532,0.6984564773945225,20,20,0.7,2048
train_20260904_000402,2026-09-04T01:33:07,117,agent_1,-7601.301972538603,-2363.3168472086372,-0.006006555072963238,1182.4151962280273,0,21,1,0,3.5653811411971468,0.05440333717116319,20,20,0.7,2048
train_20260904_000402,2026-09-04T01:35:19,118,agent_0,-5265.666164044383,-2428.8313297208592,-0.005989754106849432,717.1275520324707,0,16,3,0,4.607431440676693,0.0403680243319251,20,20,0.7,2048
train_20260904_000402,2026-09-04T01:35:19,118,agent_1,408.00350460266446,-2428.8313297208592,-0.005984500888735056,717.1275520324707,0,9,1,0,3.130620322052993,0.06777115583874727,20,20,0.7,2048
train_20260904_000402,2026-09-04T01:37:26,119,agent_0,489.5769648099143,1146.185484768656,-0.006002980656921864,210.32102432250977,0,28,0,0,3.784460812206761,0.032696199756260036,20,20,0.7,2048
train_20260904_000402,2026-09-04T01:37:26,119,agent_1,1802.7940047273974,1146.185484768656,-0.005377466138452291,210.32102432250977,0,16,0,0,3.260648192573727,0.06116385621908449,20,20,0.7,2048
train_20260904_000402,2026-09-04T01:39:53,120,agent_0,891.0570461234319,223.51545669978134,-0.004987310245633125,189.37771282196044,0,20,0,0,4.5003370741012825,0.0607547214543942,20,20,0.7,2048
train_20260904_000402,2026-09-04T01:39:53,120,agent_1,-444.0261327238692,223.51545669978134,-0.004948349203914404,189.37771282196044,0,14,0,0,3.680806246541778,0.04632598832789547,20,20,0.7,2048
train_20260904_000402,2026-09-04T01:42:01,121,agent_0,5150.082987949237,3180.1745514581125,-0.005316218640655279,575.759521484375,0,3,0,0,8.291861297808275,0.6054311227257804,20,20,0.7,2048
train_20260904_000402,2026-09-04T01:42:01,121,agent_1,1210.2661149669889,3180.1745514581125,-0.006196837499737739,575.759521484375,0,15,0,0,2.4710080819939746,0.06014850783236814,20,20,0.7,2048
train_20260904_000402,2026-09-04T01:44:08,122,agent_0,504.5004610481655,2637.92214226634,-0.005995640251785517,322.57264099121096,0,22,0,0,4.35813943119795,0.07727316125519801,20,20,0.7,2048
train_20260904_000402,2026-09-04T01:44:08,122,agent_1,4771.343823484514,2637.92214226634,-0.0055652249604463576,322.57264099121096,0,0,0,0,3.7348438243963864,0.0,20,20,0.7,2048
train_20260904_000402,2026-09-04T01:46:29,123,agent_0,1012.7969534162922,20.449075230963388,-0.0061239970847964285,336.759241104126,0,25,0,0,4.873098967745475,0.07483991780733201,20,20,0.7,2048
train_20260904_000402,2026-09-04T01:46:29,123,agent_1,-971.8988029543655,20.449075230963388,-0.006879404373466969,336.759241104126,0,1,0,0,1.129105317174583,0.0004181731496000207,20,20,0.7,2048
train_20260904_000402,2026-09-04T01:48:36,124,agent_0,-2061.3758168033273,-1120.6539904787057,-0.005925611872226,1297.3813400268555,0,10,4,0,5.840638614422794,0.10367708174927925,20,20,0.7,2048
train_20260904_000402,2026-09-04T01:48:36,124,agent_1,-179.93216415408432,-1120.6539904787057,-0.006377997994422913,1297.3813400268555,0,10,0,0,1.4811872523779996,0.025892780343190425,20,20,0.7,2048
train_20260904_000402,2026-09-04T01:50:40,125,agent_0,895.7980926727467,3583.714128143042,-0.006821402441710233,474.03252029418945,0,19,0,0,4.982434314334094,0.06055604703912787,20,20,0.7,2048
train_20260904_000402,2026-09-04T01:50:40,125,agent_1,6271.630163613338,3583.714128143042,-0.006284762918949127,474.03252029418945,1,0,1,0,4.840251472747885,0.9954623380919506,20,20,0.7,2048
train_20260904_000402,2026-09-04T01:53:11,126,agent_0,2300.821632943417,1503.3505844416486,-0.005113587249070406,862.6566284179687,0,6,1,0,6.873192799415662,0.48723673631846887,20,20,0.7,2048
train_20260904_000402,2026-09-04T01:53:11,126,agent_1,705.8795359398803,1503.3505844416486,-0.006350509170442819,862.6566284179687,0,24,0,0,4.158240224052498,0.07812806092706126,20,20,0.7,2048
train_20260904_000402,2026-09-04T01:55:23,127,agent_0,-2335.729373888169,-2923.660475007221,-0.005934989545494318,902.096418762207,0,21,0,0,4.332820078916851,0.03808463883746405,20,20,0.7,2048
train_20260904_000402,2026-09-04T01:55:23,127,agent_1,-3511.591576126273,-2923.660475007221,-0.0056072607636451725,902.096418762207,0,11,0,0,1.2039218893703008,0.020215708633305574,20,20,0.7,2048
train_20260904_000402,2026-09-04T01:57:29,128,agent_0,2697.9895746055163,2299.6986239257544,-0.006152959633618593,568.9742057800293,0,9,0,0,6.515803066035009,0.3855786071792562,20,20,0.7,2048
train_20260904_000402,2026-09-04T01:57:29,128,agent_1,1901.4076732459926,2299.6986239257544,-0.005857931729406118,568.9742057800293,0,12,0,0,3.9737086921504208,0.07128335447160894,20,20,0.7,2048
train_20260904_000402,2026-09-04T01:59:59,129,agent_0,7080.69001617418,5690.287547385591,-0.003899713885039091,564.5778846740723,1,2,0,0,6.992874663215438,0.9938992230710508,20,20,0.7,2048
train_20260904_000402,2026-09-04T01:59:59,129,agent_1,4299.885078597003,5690.287547385591,-0.006595589593052864,564.5778846740723,0,3,0,0,4.196268908719387,0.19130347224975186,20,20,0.7,2048
train_20260904_000402,2026-09-04T02:02:13,130,agent_0,6030.074606234704,6730.149052409458,-0.006262882146984339,817.1697219848633,2,2,0,0,7.2130970569027095,0.9913771281538127,20,20,0.7,2048
train_20260904_000402,2026-09-04T02:02:13,130,agent_1,7430.2234985842115,6730.149052409458,-0.003917117509990931,817.1697219848633,1,1,0,0,5.844337381426741,0.993084578262582,20,20,0.7,2048
train_20260904_000402,2026-09-04T02:04:36,131,agent_0,1273.247318799957,526.4112994971504,-0.006076495163142681,344.24795684814455,0,19,0,0,4.3828779940626985,0.10318704808087942,20,20,0.7,2048
train_20260904_000402,2026-09-04T02:04:36,131,agent_1,-220.4247198056561,526.4112994971504,-0.006059222668409347,344.24795684814455,0,18,0,0,3.2080383643341164,0.047201628459006995,20,20,0.7,2048
train_20260904_000402,2026-09-04T02:06:59,132,agent_0,7659.983818083921,7276.136317943043,-0.00602058032527566,1142.0740814208984,1,2,0,0,6.9193544167234045,0.9958721826431722,20,20,0.7,2048
train_20260904_000402,2026-09-04T02:06:59,132,agent_1,6892.288817802164,7276.136317943043,-0.006047865375876427,1142.0740814208984,1,2,0,0,5.958950424409456,0.9948642050877134,20,20,0.7,2048
train_20260904_000402,2026-09-04T02:09:09,133,agent_0,1542.9112522208397,3591.4496745399224,-0.006251269392669201,355.2579013824463,0,22,0,0,4.1159054293002475,0.05187017072531641,20,20,0.7,2048
train_20260904_000402,2026-09-04T02:09:09,133,agent_1,5639.988096859005,3591.4496745399224,-0.0051087337546050545,355.2579013824463,1,1,0,0,6.1491934007554105,0.9930497895367487,20,20,0.7,2048
train_20260904_000402,2026-09-04T02:11:21,134,agent_0,-1722.005432414739,-1358.6669837438749,-0.005196278635412455,616.460595703125,0,16,2,0,3.5301110019830757,0.04680228906825323,20,20,0.7,2048
train_20260904_000402,2026-09-04T02:11:21,134,agent_1,-995.3285350730105,-1358.6669837438749,-0.005567887332290411,616.460595703125,0,20,0,0,3.7046876545123575,0.044664126569320284,20,20,0.7,2048
train_20260904_000402,2026-09-04T02:13:53,135,agent_0,6582.4306124518625,6059.279035789376,-0.0068576507270336155,746.9345634460449,0,3,0,0,6.212095355766153,0.5269924234733436,20,20,0.7,2048
train_20260904_000402,2026-09-04T02:13:53,135,agent_1,5536.12745912689,6059.279035789376,-0.0073641248978674415,746.9345634460449,0,2,0,0,5.874598822170401,0.7617894441968254,20,20,0.7,2048
train_20260904_000402,2026-09-04T02:16:13,136,agent_0,942.0992250304079,1463.2014195109787,-0.006795015186071396,494.90508728027345,0,16,0,0,4.163811709247429,0.0464889916018798,20,20,0.7,2048
train_20260904_000402,2026-09-04T02:16:13,136,agent_1,1984.3036139915494,1463.2014195109787,-0.004698676988482475,494.90508728027345,0,28,0,0,4.008917807455493,0.029323300719916623,20,20,0.7,2048
train_20260904_000402,2026-09-04T02:18:31,137,agent_0,2192.208324162888,4198.880291157033,-0.0064062228426337246,202.8067642211914,0,15,0,0,4.603447543900814,0.1390818909856818,20,20,0.7,2048
train_20260904_000402,2026-09-04T02:18:31,137,agent_1,6205.552258151178,4198.880291157033,-0.004527187719941139,202.8067642211914,1,1,0,0,6.59507454940172,0.9948842194714733,20,20,0.7,2048
train_20260904_000402,2026-09-04T02:21:08,138,agent_0,-5.7221571298069716,1618.7693517150174,-0.005172998551279307,692.3397232055664,0,19,0,0,4.447237964689453,0.06926481644665272,20,20,0.7,2048
train_20260904_000402,2026-09-04T02:21:08,138,agent_1,3243.2608605598416,1618.7693517150174,-0.004811076447367668,692.3397232055664,0,4,2,0,6.203062359548397,0.3025349405962059,20,20,0.7,2048
train_20260904_000402,2026-09-04T02:23:23,139,agent_0,1741.0916223764325,883.7252790512956,-0.004282494727522135,445.04491119384767,0,21,0,0,4.20228298619929,0.566697641810444,20,20,0.7,2048
train_20260904_000402,2026-09-04T02:23:23,139,agent_1,26.358935726158844,883.7252790512956,-0.007177034579217434,445.04491119384767,0,15,1,0,4.554909509843991,0.06956536259066848,20,20,0.7,2048
train_20260904_000402,2026-09-04T02:26:04,140,agent_0,8122.21524053901,7394.25237485999,-0.00594574622809887,809.8471702575683,0,1,0,0,6.103948737974946,0.8278530340337662,20,20,0.7,2048
train_20260904_000402,2026-09-04T02:26:04,140,agent_1,6666.28950918097,7394.25237485999,-0.005714285932481289,809.8471702575683,1,0,0,0,5.812672693360014,0.9938238109067146,20,20,0.7,2048
train_20260904_000402,2026-09-04T02:28:42,141,agent_0,5570.494203230084,256.4062841867144,-0.006419815123081207,839.5517440795899,0,2,0,0,6.749478261380378,0.7571717787466306,20,20,0.7,2048
train_20260904_000402,2026-09-04T02:28:42,141,agent_1,-5057.681634856655,256.4062841867144,-0.004803094360977411,839.5517440795899,0,13,2,0,4.601964584158981,0.10665641835481932,20,20,0.7,2048
train_20260904_000402,2026-09-04T02:31:01,142,agent_0,2900.8464134868004,2226.290193856141,-0.005245336517691612,174.78511657714844,0,17,0,0,4.6284895635976495,0.07295527815812697,20,20,0.7,2048
train_20260904_000402,2026-09-04T02:31:01,142,agent_1,1551.7339742254817,2226.290193856141,-0.00477026253938675,174.78511657714844,0,18,0,0,3.614656190450201,0.11344341070938146,20,20,0.7,2048
train_20260904_000402,2026-09-04T02:33:15,143,agent_0,1940.1830554694463,4397.8197894227615,-0.0057364475913345815,449.22597274780276,0,17,0,0,3.938951372999886,0.05753286567058524,20,20,0.7,2048
train_20260904_000402,2026-09-04T02:33:15,143,agent_1,6855.456523376076,4397.8197894227615,-0.005436651222407818,449.22597274780276,0,2,0,0,6.019477353483833,0.7721229816032646,20,20,0.7,2048
train_20260904_000402,2026-09-04T02:35:54,144,agent_0,7107.329286111147,4281.110354069893,-0.005593717750161886,305.7952194213867,0,3,0,0,5.749584116166659,0.6479692484506392,20,20,0.7,2048
train_20260904_000402,2026-09-04T02:35:54,144,agent_1,1454.89142202864,4281.110354069893,-0.00664822943508625,305.7952194213867,0,20,0,0,3.5841997375756494,0.04826164278368783,20,20,0.7,2048
train_20260904_000402,2026-09-04T02:38:20,145,agent_0,1788.950447976987,1314.6405012066623,-0.005028704740107059,274.1573802947998,0,19,0,0,3.655988927178675,0.04220408430325706,20,20,0.7,2048
train_20260904_000402,2026-09-04T02:38:20,145,agent_1,840.3305544363375,1314.6405012066623,-0.0051069331355392935,274.1573802947998,0,19,0,0,3.41368637573841,0.041766380240740975,20,20,0.7,2048
train_20260904_000402,2026-09-04T02:40:42,146,agent_0,-4873.128475788412,-678.0386099647058,-0.006020436622202396,1387.5919235229492,0,23,2,0,3.2219286311999027,0.07353847718601358,20,20,0.7,2048
train_20260904_000402,2026-09-04T02:40:42,146,agent_1,3517.051255859001,-678.0386099647058,-0.006673055235296488,1387.5919235229492,0,3,1,0,5.363062228519888,0.42724024247886483,20,20,0.7,2048
train_20260904_000402,2026-09-04T02:43:11,147,agent_0,1523.7730837760525,-92.62793708043375,-0.005154549237340688,337.5086307525635,0,19,0,0,3.4652335932618805,0.04939697231848561,20,20,0.7,2048
train_20260904_000402,2026-09-04T02:43:11,147,agent_1,-1709.02895793692,-92.62793708043375,-0.005346717778593302,337.5086307525635,0,16,1,0,3.79566088937045,0.14827388023492694,20,20,0.7,2048
train_20260904_000402,2026-09-04T02:45:23,148,agent_0,7302.467324535324,3842.3637548898796,-0.006221299152821302,387.3446304321289,0,2,0,0,6.482021639577628,0.6904202986481922,20,20,0.7,2048
train_20260904_000402,2026-09-04T02:45:23,148,agent_1,382.2601852444346,3842.3637548898796,-0.0055811737664043905,387.3446304321289,0,17,0,0,3.9890176657224634,0.2149442890006955,20,20,0.7,2048
train_20260904_000402,2026-09-04T02:47:38,149,agent_0,2508.7273285898355,2764.165489636709,-0.004766337387263775,249.98197326660156,0,15,0,0,4.700104560992832,0.09492226673716497,20,20,0.7,2048
train_20260904_000402,2026-09-04T02:47:38,149,agent_1,3019.603650683583,2764.165489636709,-0.006158540584146976,249.98197326660156,0,14,0,0,4.143679588527505,0.09013423566966383,20,20,0.7,2048
train_20260904_000402,2026-09-04T02:50:24,150,agent_0,1986.623756076217,1443.5406730738043,-0.005343459174036979,323.92466735839844,0,14,0,0,4.526503589819701,0.07607409707081914,20,20,0.7,2048
train_20260904_000402,2026-09-04T02:50:24,150,agent_1,900.4575900713917,1443.5406730738043,-0.004872017912566662,323.92466735839844,0,18,0,0,3.8001141176821034,0.08922880026756219,20,20,0.7,2048
train_20260904_000402,2026-09-04T02:52:51,151,agent_0,-24.062247238262664,201.56505007755084,-0.005588449351489544,212.38277187347413,0,15,0,0,4.033919480103446,0.04416338705535905,20,20,0.7,2048
train_20260904_000402,2026-09-04T02:52:51,151,agent_1,427.19234739336434,201.56505007755084,-0.0058623370714485645,212.38277187347413,0,19,0,0,3.489429084433031,0.024135541647418712,20,20,0.7,2048
train_20260904_000402,2026-09-04T02:55:13,152,agent_0,-3567.2372211431552,1866.355413347743,-0.0075335330329835415,342.9165519714355,0,19,0,0,3.4656784695266065,0.08257633590867053,20,20,0.7,2048
train_20260904_000402,2026-09-04T02:55:13,152,agent_1,7299.948047838641,1866.355413347743,-0.005260851606726647,342.9165519714355,0,2,0,0,5.746786135446994,0.995062064729057,20,20,0.7,2048
train_20260904_000402,2026-09-04T02:58:00,153,agent_0,-825.3733262614686,-411.33884063841015,-0.0065585440956056115,64.21022539138794,0,18,0,0,2.570463197203609,0.03451519397597602,20,20,0.7,2048
train_20260904_000402,2026-09-04T02:58:00,153,agent_1,2.695644984648275,-411.33884063841015,-0.005736236833035946,64.21022539138794,0,28,0,0,2.699491099255812,0.03656569757077288,20,20,0.7,2048
train_20260904_000402,2026-09-04T03:00:30,154,agent_0,1121.9417895772735,4247.255259213466,-0.007250930368900299,513.7606590270996,0,13,0,0,3.184634253321333,0.09243010147842246,20,20,0.7,2048
train_20260904_000402,2026-09-04T03:00:30,154,agent_1,7372.568728849658,4247.255259213466,-0.005496211256831885,513.7606590270996,0,2,0,0,6.216935406417076,0.4495637350393019,20,20,0.7,2048
train_20260904_000402,2026-09-04T03:02:51,155,agent_0,5995.639750858593,3533.693816923563,-0.005071094911545515,362.3999076843262,1,3,1,0,5.337721371140916,0.9929626695754259,20,20,0.7,2048
train_20260904_000402,2026-09-04T03:02:51,155,agent_1,1071.7478829885333,3533.693816923563,-0.007204419653862715,362.3999076843262,0,21,0,0,3.4976161774098697,0.08165075502736086,20,20,0.7,2048
train_20260904_000402,2026-09-04T03:05:57,156,agent_0,-940.8339068327201,-812.6946843823998,-0.006050913501530886,281.00878448486327,0,18,1,0,4.348328864391853,0.07223254783114985,20,20,0.7,2048
train_20260904_000402,2026-09-04T03:05:57,156,agent_1,-684.5554619320795,-812.6946843823998,-0.005644029565155506,281.00878448486327,0,22,0,0,4.209566722545328,0.04187379910929623,20,20,0.7,2048
train_20260904_000402,2026-09-04T03:08:03,157,agent_0,2490.86144688696,4779.345082679115,-0.006182370986789465,293.48001556396486,0,18,0,0,4.041348011232576,0.05067942967559924,20,20,0.7,2048
train_20260904_000402,2026-09-04T03:08:03,157,agent_1,7067.82871847127,4779.345082679115,-0.005562171898782253,293.48001556396486,1,0,0,0,5.466464903517395,0.9936742831903173,20,20,0.7,2048
train_20260904_000402,2026-09-04T03:10:15,158,agent_0,2570.2249551038203,2076.3120108777384,-0.0045309048146009445,208.8958101272583,0,19,0,0,4.4858713626017535,0.060506686123429576,20,20,0.7,2048
train_20260904_000402,2026-09-04T03:10:15,158,agent_1,1582.3990666516565,2076.3120108777384,-0.0055900689214468,208.8958101272583,0,13,0,0,3.235962266447603,0.10122556151931217,20,20,0.7,2048
train_20260904_000402,2026-09-04T03:13:02,159,agent_0,245.03583598989076,1126.9749461133426,-0.005601699370890856,99.20880136489868,0,31,0,0,3.5359755286526426,0.0378919786446531,20,20,0.7,2048
train_20260904_000402,2026-09-04T03:13:02,159,agent_1,2008.9140562367945,1126.9749461133426,-0.0056441850028932095,99.20880136489868,0,17,0,0,3.9610057199524635,0.07550933635267965,20,20,0.7,2048
train_20260904_000402,2026-09-04T03:15:27,160,agent_0,-278.9671085414299,1102.1048759221353,-0.007450869027525187,236.0385871887207,0,11,0,0,3.6793975451077774,0.09563830629063119,20,20,0.7,2048
train_20260904_000402,2026-09-04T03:15:27,160,agent_1,2483.1768603857004,1102.1048759221353,-0.0057250503450632095,236.0385871887207,0,14,0,0,4.035152783269816,0.10366693653807957,20,20,0.7,2048
train_20260904_000402,2026-09-04T03:17:49,161,agent_0,3177.51925489838,2724.6354376193176,-0.005217299610376358,582.2430671691894,0,8,0,0,5.468745269524303,0.12503503963261087,20,20,0.7,2048
train_20260904_000402,2026-09-04T03:17:49,161,agent_1,2271.7516203402556,2724.6354376193176,-0.005953910388052463,582.2430671691894,0,16,0,0,3.045976678450518,0.054053158398900014,20,20,0.7,2048
train_20260904_000402,2026-09-04T03:20:37,162,agent_0,-585.4493401979668,2275.232194006651,-0.006787475757300853,652.4214820861816,0,15,0,0,5.2957727399283,0.0784859727621936,20,20,0.7,2048
train_20260904_000402,2026-09-04T03:20:37,162,agent_1,5135.913728211269,2275.232194006651,-0.00676382053643465,652.4214820861816,0,1,0,0,6.068145964289159,0.9391806105200782,20,20,0.7,2048
train_20260904_000402,2026-09-04T03:23:05,163,agent_0,5120.553945450838,3031.6309517124696,-0.005958371143788099,180.3434787750244,0,5,0,0,5.1981048119276645,0.2413747960358562,20,20,0.7,2048
train_20260904_000402,2026-09-04T03:23:05,163,agent_1,942.7079579741009,3031.6309517124696,-0.0054190119728446005,180.3434787750244,0,15,0,0,3.381358907975807,0.03882368898740329,20,20,0.7,2048
train_20260904_000402,2026-09-04T03:25:36,164,agent_0,1966.5712440677416,2308.9918342834953,-0.0055296458303928375,120.43381175994872,0,19,0,0,3.9034976712774396,0.05642024316019478,20,20,0.7,2048
train_20260904_000402,2026-09-04T03:25:36,164,agent_1,2651.412424499249,2308.9918342834953,-0.005472172051668167,120.43381175994872,0,17,0,0,3.6434542787908546,0.05336547668452796,20,20,0.7,2048
train_20260904_000402,2026-09-04T03:28:25,165,agent_0,1655.3863630451247,2229.8183259711823,-0.004751255083829164,185.4832805633545,0,19,0,0,4.132572863924891,0.030445121151389976,20,20,0.7,2048
train_20260904_000402,2026-09-04T03:28:25,165,agent_1,2804.25028889724,2229.8183259711823,-0.007661318220198154,185.4832805633545,0,13,0,0,3.780958641528428,0.08294359156575548,20,20,0.7,2048
train_20260904_000402,2026-09-04T03:30:54,166,agent_0,1592.390216851004,1979.2574298153484,-0.006263857427984476,168.22704601287842,0,19,0,0,4.076841859539246,0.03545088950969799,20,20,0.7,2048
train_20260904_000402,2026-09-04T03:30:54,166,agent_1,2366.1246427796927,1979.2574298153484,-0.0050293666310608385,168.22704601287842,0,6,0,0,2.5002637905082286,0.12210204257642143,20,20,0.7,2048
train_20260904_000402,2026-09-04T03:33:23,167,agent_0,1432.0718764242213,1196.107114784375,-0.00445914976298809,173.31947574615478,0,20,0,0,4.839760273783406,0.15633098340591745,20,20,0.7,2048
train_20260904_000402,2026-09-04T03:33:23,167,agent_1,960.1423531445287,1196.107114784375,-0.005921959131956101,173.31947574615478,0,15,0,0,3.9512782439771614,0.057561498519573595,20,20,0.7,2048
train_20260904_000402,2026-09-04T03:36:11,168,agent_0,2212.278899025337,-835.2002494555525,-0.006720102950930595,310.53815879821775,0,16,0,0,4.144075406224671,0.05042176074414606,20,20,0.7,2048
train_20260904_000402,2026-09-04T03:36:11,168,agent_1,-3882.679397936442,-835.2002494555525,-0.007918395102024078,310.53815879821775,0,5,1,0,1.226141302945755,0.05673878731433801,20,20,0.7,2048
train_20260904_000402,2026-09-04T03:38:32,169,agent_0,5955.849625781395,5133.3927000159,-0.006666713953018188,1040.0869430541993,0,2,0,0,5.128443153381905,0.7506860578855047,20,20,0.7,2048
train_20260904_000402,2026-09-04T03:38:32,169,agent_1,4310.935774250404,5133.3927000159,-0.00450610276311636,1040.0869430541993,0,0,2,0,4.830118887629935,0.3814936316252181,20,20,0.7,2048
train_20260904_000402,2026-09-04T03:41:00,170,agent_0,5188.593695524316,3794.667059415451,-0.005704944394528866,588.8506675720215,0,4,1,0,6.0439269209286195,0.4731028057991553,20,20,0.7,2048
train_20260904_000402,2026-09-04T03:41:00,170,agent_1,2400.740423306586,3794.667059415451,-0.006207088008522987,588.8506675720215,0,14,0,0,3.7026479459211528,0.04610389719211683,20,20,0.7,2048
train_20260904_000402,2026-09-04T03:43:46,171,agent_0,8282.248067199243,8689.724580341119,-0.0054989073425531386,1040.6364128112793,0,1,0,0,5.759963769201098,0.9041172027380417,20,20,0.7,2048
train_20260904_000402,2026-09-04T03:43:46,171,agent_1,9097.201093482994,8689.724580341119,-0.0056828194297850135,1040.6364128112793,0,1,0,0,4.774596663237129,0.895426989917199,20,20,0.7,2048
train_20260904_000402,2026-09-04T03:46:21,172,agent_0,1544.003946483776,2109.062598336437,-0.005394043866544962,319.54932708740233,0,19,0,0,3.6905238099178708,0.038364350145256965,20,20,0.7,2048
train_20260904_000402,2026-09-04T03:46:21,172,agent_1,2674.1212501890986,2109.062598336437,-0.005615546088665724,319.54932708740233,0,12,0,0,3.155289457240689,0.10926926502415846,20,20,0.7,2048
train_20260904_000402,2026-09-04T03:48:50,173,agent_0,5073.488742701792,3688.730793294245,-0.004987697768956423,597.9991325378418,0,4,0,0,5.685984741522658,0.7586155542839101,20,20,0.7,2048
train_20260904_000402,2026-09-04T03:48:50,173,agent_1,2303.972843886698,3688.730793294245,-0.005272966809570789,597.9991325378418,0,12,0,0,2.513983251137077,0.06257922006001526,20,20,0.7,2048
train_20260904_000402,2026-09-04T03:51:41,174,agent_0,8837.534573557772,7821.336123123903,-0.0060721257701516155,958.8076126098633,0,0,0,0,5.536731354445404,0.0,20,20,0.7,2048
train_20260904_000402,2026-09-04T03:51:41,174,agent_1,6805.1376726900335,7821.336123123903,-0.006105905864387751,958.8076126098633,1,1,0,0,5.229034176678701,0.9928439116756826,20,20,0.7,2048
train_20260904_000402,2026-09-04T03:54:21,175,agent_0,2189.634632345264,4272.49744636103,-0.005949790216982364,1355.2843658447266,0,21,0,0,3.7460012692322655,0.02780128368081536,20,20,0.7,2048
train_20260904_000402,2026-09-04T03:54:21,175,agent_1,6355.360260376796,4272.49744636103,-0.006331159174442292,1355.2843658447266,1,2,0,0,5.1034511203300985,0.9929953786187229,20,20,0.7,2048
train_20260904_000402,2026-09-04T03:56:58,176,agent_0,1257.3413886050773,1463.1155583808415,-0.005377202946692705,640.5249244689942,0,20,0,0,3.5607054093423467,0.03211275970307159,20,20,0.7,2048
train_20260904_000402,2026-09-04T03:56:58,176,agent_1,1668.8897281566058,1463.1155583808415,-0.0044664801098406315,640.5249244689942,0,18,0,0,3.968018526952872,0.06447303511587488,20,20,0.7,2048
train_20260904_000402,2026-09-04T03:59:55,177,agent_0,6640.724566563591,4633.136049839372,-0.006137030571699143,791.3926536560059,0,2,1,0,5.279525672243952,0.7280487564384769,20,20,0.7,2048
train_20260904_000402,2026-09-04T03:59:55,177,agent_1,2625.5475331151533,4633.136049839372,-0.006337848771363497,791.3926536560059,0,17,0,0,3.8168162495640288,0.04368769113994153,20,20,0.7,2048
train_20260904_000402,2026-09-04T04:02:32,178,agent_0,858.8656669793048,4000.720695410081,-0.006587440799921751,778.8818817138672,0,17,0,0,4.684091300598154,0.10416476632582972,20,20,0.7,2048
train_20260904_000402,2026-09-04T04:02:32,178,agent_1,7142.575723840858,4000.720695410081,-0.0064765441231429575,778.8818817138672,0,2,0,0,5.161667909740989,0.11318456992759973,20,20,0.7,2048
train_20260904_000402,2026-09-04T04:05:09,179,agent_0,2447.932587585442,2712.42115011308,-0.006082374043762684,207.39810333251953,0,16,0,0,3.237070293182961,0.05686545364101192,20,20,0.7,2048
train_20260904_000402,2026-09-04T04:05:09,179,agent_1,2976.9097126407178,2712.42115011308,-0.004881574120372534,207.39810333251953,0,15,0,0,4.190888587489007,0.09675681483076415,20,20,0.7,2048
train_20260904_000402,2026-09-04T04:08:05,180,agent_0,6976.328680269466,6933.663668066343,-0.006755706202238798,1287.7776153564453,0,2,0,0,4.600801742797957,0.7150086415739548,20,20,0.7,2048
train_20260904_000402,2026-09-04T04:08:05,180,agent_1,6890.998655863222,6933.663668066343,-0.005610070470720529,1287.7776153564453,0,3,0,0,5.475471589832267,0.7851562218950516,20,20,0.7,2048
train_20260904_000402,2026-09-04T04:10:50,181,agent_0,-1393.4311506753238,739.5042421333019,-0.004526306595653296,752.5334480285644,0,9,4,0,3.652515999798251,0.1255106588091539,20,20,0.7,2048
train_20260904_000402,2026-09-04T04:10:50,181,agent_1,2872.4396349419276,739.5042421333019,-0.005024246219545603,752.5334480285644,0,16,0,0,3.7890225855217867,0.10453848166580704,20,20,0.7,2048
train_20260904_000402,2026-09-04T04:14:06,182,agent_0,-1182.615360154256,-262.73898220274594,-0.005364715866744518,393.99744338989257,0,25,0,0,4.013445800813473,0.03325091881244191,20,20,0.7,2048
train_20260904_000402,2026-09-04T04:14:06,182,agent_1,657.1373957487641,-262.73898220274594,-0.006011234503239394,393.99744338989257,0,15,0,0,3.4278976548488647,0.05831768038971896,20,20,0.7,2048
train_20260904_000402,2026-09-04T04:17:05,183,agent_0,2990.358686266593,2572.5465826921877,-0.005155471526086331,166.11769771575928,0,12,0,0,3.764583069426195,0.06257823877173985,20,20,0.7,2048
train_20260904_000402,2026-09-04T04:17:05,183,agent_1,2154.7344791177825,2572.5465826921877,-0.0048181222751736644,166.11769771575928,0,10,0,0,2.577177843757325,0.05761581699313334,20,20,0.7,2048
train_20260904_000402,2026-09-04T04:19:41,184,agent_0,3136.0661759028762,3099.591349465942,-0.005062365252524614,103.08137912750244,0,14,0,0,3.6815530921072965,0.0461247680654735,20,20,0.7,2048
train_20260904_000402,2026-09-04T04:19:41,184,agent_1,3063.116523029008,3099.591349465942,-0.005828030314296484,103.08137912750244,0,13,0,0,3.2221647213773754,0.056268789662482166,20,20,0.7,2048
train_20260904_000402,2026-09-04T04:22:15,185,agent_0,1257.3814309660004,1764.7224256363152,-0.0038414222188293936,111.90493793487549,0,21,0,0,4.221809642591396,0.09948186373453882,20,20,0.7,2048
train_20260904_000402,2026-09-04T04:22:15,185,agent_1,2272.06342030663,1764.7224256363152,-0.0052605257369577885,111.90493793487549,0,14,0,0,4.043540754625997,0.10367311487204023,20,20,0.7,2048
train_20260904_000402,2026-09-04T04:25:18,186,agent_0,406.80490516518194,1395.8739016286222,-0.006103022024035454,210.21795349121095,0,14,0,0,4.459064718008714,0.09235407985194233,20,20,0.7,2048
train_20260904_000402,2026-09-04T04:25:18,186,agent_1,2384.9428980920625,1395.8739016286222,-0.007147051114588976,210.21795349121095,0,12,0,0,3.833938124452664,0.07982600963572606,20,20,0.7,2048
train_20260904_000402,2026-09-04T04:27:57,187,agent_0,5028.067153076005,6537.0509557532605,-0.006015687342733144,927.3966644287109,1,2,0,0,5.4759632157658436,0.9905937653994878,20,20,0.7,2048
train_20260904_000402,2026-09-04T04:27:57,187,agent_1,8046.034758430516,6537.0509557532605,-0.006680701673030853,927.3966644287109,1,0,0,0,5.017263315491786,0.994362717889501,20,20,0.7,2048
train_20260904_000402,2026-09-04T04:30:42,188,agent_0,-1474.3077229448174,-2442.870131466719,-0.005152301397174597,332.3225811004639,0,14,0,0,2.9360873069959252,0.04692155665031639,20,20,0.7,2048
train_20260904_000402,2026-09-04T04:30:42,188,agent_1,-3411.432539988621,-2442.870131466719,-0.0056623188778758046,332.3225811004639,0,3,0,0,0.8914388060071142,0.055947966103096713,20,20,0.7,2048
train_20260904_000402,2026-09-04T04:33:48,189,agent_0,-2256.568480226922,334.65521161268157,-0.007119044009596109,113.9898609161377,0,19,0,0,1.651956970167314,0.03402594235403111,20,20,0.7,2048
train_20260904_000402,2026-09-04T04:33:48,189,agent_1,2925.878903452285,334.65521161268157,-0.0051551168784499165,113.9898609161377,0,13,0,0,2.762438328173502,0.055312189704048276,20,20,0.7,2048
train_20260904_000402,2026-09-04T04:36:32,190,agent_0,-1183.1704552502465,-804.0154158108462,-0.00604914603754878,72.63636569976806,0,20,0,0,2.029607568925598,0.02388994351330964,20,20,0.7,2048
train_20260904_000402,2026-09-04T04:36:32,190,agent_1,-424.8603763714458,-804.0154158108462,-0.006472036708146334,72.63636569976806,0,7,0,0,1.2939933893756794,0.0364371163446231,20,20,0.7,2048
train_20260904_000402,2026-09-04T04:39:02,191,agent_0,1995.2289669563652,5518.008425626353,-0.005429542437195778,346.23863220214844,0,14,0,0,2.874895061291211,0.08333163433570867,20,20,0.7,2048
train_20260904_000402,2026-09-04T04:39:02,191,agent_1,9040.78788429634,5518.008425626353,-0.0056641302071511745,346.23863220214844,1,0,0,0,5.87021568809994,0.9961342978890945,20,20,0.7,2048
train_20260904_000402,2026-09-04T04:42:07,192,agent_0,1249.4604986157594,1128.1544551507145,-0.004404287040233612,335.5188903808594,0,9,0,0,2.252613638300746,0.062023867390263776,20,20,0.7,2048
train_20260904_000402,2026-09-04T04:42:07,192,agent_1,1006.8484116856698,1128.1544551507145,-0.005638132616877556,335.5188903808594,0,11,0,0,2.280176233465729,0.07114962200271979,20,20,0.7,2048
train_20260904_000402,2026-09-04T04:44:46,193,agent_0,-2414.2929732735793,-1767.2640980276165,-0.006201155949383974,312.10033798217773,0,5,0,0,0.8915954606517327,0.03749988905684787,20,20,0.7,2048
train_20260904_000402,2026-09-04T04:44:47,193,agent_1,-1120.2352227816536,-1767.2640980276165,-0.00789082096889615,312.10033798217773,0,5,0,0,1.1357456149664935,0.0732151958100069,20,20,0.7,2048
train_20260904_000402,2026-09-04T04:47:21,194,agent_0,3264.99031732244,2650.295014720553,-0.00645455727353692,500.80023193359375,0,5,0,0,4.653914202867866,0.42483577355234625,20,20,0.7,2048
train_20260904_000402,2026-09-04T04:47:21,194,agent_1,2035.5997121186654,2650.295014720553,-0.005107542872428894,500.80023193359375,0,8,0,0,2.243307285855306,0.11399952975111272,20,20,0.7,2048
train_20260904_000402,2026-09-04T04:50:34,195,agent_0,1246.9174112942706,902.2693222679907,-0.00529814213514328,244.23321380615235,0,16,0,0,1.971743953243388,0.021431038851233764,20,20,0.7,2048
train_20260904_000402,2026-09-04T04:50:34,195,agent_1,557.6212332417108,902.2693222679907,-0.005390849802643061,244.23321380615235,0,2,0,0,1.7830245541398921,0.13866360376287645,20,20,0.7,2048
train_20260904_000402,2026-09-04T04:53:16,196,agent_0,2606.378193116874,2652.5237801327335,-0.005366689153015613,149.8070821762085,0,14,0,0,4.562199030036495,0.07930441176821224,20,20,0.7,2048
train_20260904_000402,2026-09-04T04:53:16,196,agent_1,2698.6693671485928,2652.5237801327335,-0.004677694384008646,149.8070821762085,0,14,0,0,2.5751980780293247,0.05298305559950578,20,20,0.7,2048
train_20260904_000402,2026-09-04T04:55:55,197,agent_0,1615.1636572943687,4399.7798216445,-0.0061687566339969635,216.76815299987794,0,16,0,0,3.243043633471233,0.07443862163205084,20,20,0.7,2048
train_20260904_000402,2026-09-04T04:55:55,197,agent_1,7184.395985994632,4399.7798216445,-0.005596654303371906,216.76815299987794,2,0,0,0,5.413852454964004,0.9931055025862653,20,20,0.7,2048
train_20260904_000402,2026-09-04T04:59:06,198,agent_0,2342.0857953159693,1816.4803066659033,-0.004655042663216591,217.61503868103028,0,12,0,0,2.7213414167606276,0.12360557059395949,20,20,0.7,2048
train_20260904_000402,2026-09-04T04:59:06,198,agent_1,1290.8748180158373,1816.4803066659033,-0.006434623803943396,217.61503868103028,0,6,0,0,1.6973092547236033,0.057881006511271815,20,20,0.7,2048
train_20260904_000402,2026-09-04T05:01:53,199,agent_0,1958.3986835568476,1937.8352773242013,-0.005750731006264687,153.92682495117188,0,18,0,0,4.201958104467946,0.08991277990323265,20,20,0.7,2048
train_20260904_000402,2026-09-04T05:01:53,199,agent_1,1917.2718710915553,1937.8352773242013,-0.0051989837549626826,153.92682495117188,0,17,0,0,3.599728879143215,0.12157698563733965,20,20,0.7,2048
train_20260904_000402,2026-09-04T05:04:39,200,agent_0,496.3825138452888,2560.9335568952674,-0.0056761689484119415,578.0049865722656,0,11,0,0,2.358333909565238,0.04250964779409405,20,20,0.7,2048
train_20260904_000402,2026-09-04T05:04:39,200,agent_1,4625.484599945246,2560.9335568952674,-0.006089340522885322,578.0049865722656,0,0,1,0,4.630380180113468,0.9904263624340112,20,20,0.7,2048
train_20260904_000402,2026-09-04T05:07:52,201,agent_0,343.4770870226812,-132.60792240781467,-0.0059299363754689695,878.6262489318848,0,4,2,0,5.3435708064034655,0.5103313349357321,20,20,0.7,2048
train_20260904_000402,2026-09-04T05:07:52,201,agent_1,-608.6929318383105,-132.60792240781467,-0.005677110981196165,878.6262489318848,0,7,0,0,1.5879769942549409,0.051806109752658425,20,20,0.7,2048
train_20260904_000402,2026-09-04T05:10:47,202,agent_0,-341.54927204960677,981.7545893286572,-0.006115894857794046,346.31842918395995,0,13,0,0,2.3360383473186137,0.06915696205311705,20,20,0.7,2048
train_20260904_000402,2026-09-04T05:10:47,202,agent_1,2305.058450706921,981.7545893286572,-0.007330854889005423,346.31842918395995,0,4,0,0,2.7621344902037603,0.22733351509733357,20,20,0.7,2048
train_20260904_000402,2026-09-04T05:13:49,203,agent_0,287.52660071552924,2648.5088218905025,-0.005740620288997888,585.5359840393066,0,22,1,0,3.7334484248301822,0.08934671115501136,20,20,0.7,2048
train_20260904_000402,2026-09-04T05:13:49,203,agent_1,5009.491043065475,2648.5088218905025,-0.004575816355645657,585.5359840393066,0,6,0,0,5.101561013963834,0.3022417982833099,20,20,0.7,2048
train_20260904_000402,2026-09-04T05:17:02,204,agent_0,7184.010004103752,3623.0505067027143,-0.0049016432836651806,179.1970100402832,1,0,0,0,4.90415272872329,0.9929351434823075,20,20,0.7,2048
train_20260904_000402,2026-09-04T05:17:02,204,agent_1,62.09100930167628,3623.0505067027143,-0.004782400000840426,179.1970100402832,0,11,0,0,2.1737084683667,0.046694454126098406,20,20,0.7,2048
train_20260904_000402,2026-09-04T05:19:55,205,agent_0,1412.1546554704562,4909.591570448701,-0.0032857981510460376,259.0763599395752,0,9,0,0,1.829059354146462,0.055215918303180955,20,20,0.7,2048
train_20260904_000402,2026-09-04T05:19:55,205,agent_1,8407.028485426945,4909.591570448701,-0.006101847160607576,259.0763599395752,0,0,0,0,4.781786657209475,0.0,20,20,0.7,2048
train_20260904_000402,2026-09-04T05:22:47,206,agent_0,6895.575136977295,5015.9302971492525,-0.004010166227817536,454.50068817138674,1,3,0,0,4.519501379573029,0.992697464911096,20,20,0.7,2048
train_20260904_000402,2026-09-04T05:22:47,206,agent_1,3136.285457321209,5015.9302971492525,-0.005540852714329958,454.50068817138674,0,6,0,0,3.1681428756876837,0.11449224442083916,20,20,0.7,2048
train_20260904_000402,2026-09-04T05:25:57,207,agent_0,7359.894542029458,3953.993825634207,-0.005417797155678273,234.66161346435547,1,0,0,0,4.28229068760835,0.9955188901897554,20,20,0.7,2048
train_20260904_000402,2026-09-04T05:25:57,207,agent_1,548.0931092389563,3953.993825634207,-0.007032454293221235,234.66161346435547,0,7,0,0,2.063110097208718,0.06408999748494648,20,20,0.7,2048
train_20260904_000402,2026-09-04T05:28:50,208,agent_0,2893.405271230983,5572.431226907716,-0.006622827425599098,278.2834129333496,0,9,0,0,2.745372293100304,0.10239713712917875,20,20,0.7,2048
train_20260904_000402,2026-09-04T05:28:50,208,agent_1,8251.45718258445,5572.431226907716,-0.006646012328565121,278.2834129333496,1,0,0,0,4.831736683606397,0.9949192785424483,20,20,0.7,2048
train_20260904_000402,2026-09-04T05:31:47,209,agent_0,785.2358672860925,118.4120324825414,-0.005529466643929481,244.85563430786132,0,15,0,0,3.6382219844063157,0.05954982873559178,20,20,0.7,2048
train_20260904_000402,2026-09-04T05:31:47,209,agent_1,-548.4118023210096,118.4120324825414,-0.0056824819184839725,244.85563430786132,0,4,0,0,2.4009661579094397,0.16318092568070564,20,20,0.7,2048
train_20260904_000402,2026-09-04T05:35:12,210,agent_0,2589.8878883609955,4449.212046054674,-0.006252521835267544,616.935580444336,0,14,0,0,3.704145843384318,0.10164870194095199,20,20,0.7,2048
train_20260904_000402,2026-09-04T05:35:12,210,agent_1,6308.536203748353,4449.212046054674,-0.005587766785174609,616.935580444336,1,2,1,0,5.329584332395821,0.9935466471390318,20,20,0.7,2048
train_20260904_000402,2026-09-04T05:38:10,211,agent_0,7163.65389531968,4509.804241202917,-0.005326803680509329,412.4333770751953,0,1,0,0,3.664628529505971,0.6040296991782041,20,20,0.7,2048
train_20260904_000402,2026-09-04T05:38:10,211,agent_1,1855.9545870861539,4509.804241202917,-0.006722147017717362,412.4333770751953,0,1,0,0,1.299821528340277,0.31301580686452357,20,20,0.7,2048
train_20260904_000402,2026-09-04T05:41:20,212,agent_0,1390.8527674074878,738.8650947663698,-0.006119362637400627,346.02609024047854,0,19,0,0,2.798903821162739,0.027296500943051916,20,20,0.7,2048
train_20260904_000402,2026-09-04T05:41:20,212,agent_1,86.87742212525173,738.8650947663698,-0.006778358202427626,346.02609024047854,0,13,1,0,3.5393042371176286,0.1512639691884482,20,20,0.7,2048
train_20260904_000402,2026-09-04T05:44:38,213,agent_0,6567.625660631614,2630.197670554533,-0.00486709326505661,338.58715171813964,0,2,0,0,4.9464769625865355,0.6968388402104813,20,20,0.7,2048
train_20260904_000402,2026-09-04T05:44:38,213,agent_1,-1307.230319522548,2630.197670554533,-0.0057952218689024445,338.58715171813964,0,3,0,0,0.602138286651472,0.09099296722475614,20,20,0.7,2048
train_20260904_000402,2026-09-04T05:47:36,214,agent_0,-153.71344533518314,3342.3215489619947,-0.007444762066006661,658.1425422668457,0,1,0,0,0.7838434026127628,0.1851511357490826,20,20,0.7,2048
train_20260904_000402,2026-09-04T05:47:36,214,agent_1,6838.356543259172,3342.3215489619947,-0.006469050422310829,658.1425422668457,0,2,1,0,5.494556003215493,0.9848079010537414,20,20,0.7,2048
train_20260904_000402,2026-09-04T05:50:45,215,agent_0,-2684.5651003752346,-667.8154964587861,-0.005073701404035092,617.015170288086,0,23,0,0,1.5135626381383915,0.00885410406103837,20,20,0.7,2048
train_20260904_000402,2026-09-04T05:50:45,215,agent_1,1348.9341074576623,-667.8154964587861,-0.005845721811056137,617.015170288086,0,13,1,0,4.272629893535736,0.09415250788032925,20,20,0.7,2048
train_20260904_000402,2026-09-04T05:54:13,216,agent_0,702.9122148182157,982.2700456353776,-0.007110419124364853,224.188232421875,0,14,0,0,3.0293152849181446,0.07207696738373981,20,20,0.7,2048
train_20260904_000402,2026-09-04T05:54:13,216,agent_1,1261.6278764525396,982.2700456353776,-0.005096564069390297,224.188232421875,0,16,1,0,3.4434908129290482,0.038541653427088596,20,20,0.7,2048
train_20260904_000402,2026-09-04T05:57:03,217,agent_0,2104.2693991273195,4789.236751534818,-0.007975067291408778,418.5011810302734,0,7,0,0,2.3058549362470346,0.12323228690710242,20,20,0.7,2048
train_20260904_000402,2026-09-04T05:57:03,217,agent_1,7474.204103942317,4789.236751534818,-0.005577435437589884,418.5011810302734,0,1,0,0,5.734278339523644,0.47350944162776687,20,20,0.7,2048
train_20260904_000402,2026-09-04T05:59:53,218,agent_0,6110.766823363625,4369.813202293528,-0.006077900528907776,369.10009536743166,0,2,0,0,4.102993182263125,0.6797547284609831,20,20,0.7,2048
train_20260904_000402,2026-09-04T05:59:53,218,agent_1,2628.8595812234316,4369.813202293528,-0.006142868287861347,369.10009536743166,0,5,0,0,2.8978102463177122,0.10287729238817345,20,20,0.7,2048
train_20260904_000402,2026-09-04T06:03:29,219,agent_0,2532.3702196334525,955.5463144914011,-0.005951307248324156,1482.9901184082032,0,17,0,0,3.848342897681972,0.05421523987424426,20,20,0.7,2048
train_20260904_000402,2026-09-04T06:03:29,219,agent_1,-621.2775906506504,955.5463144914011,-0.004842195101082325,1482.9901184082032,0,36,0,0,4.469563772170529,0.0966220016671151,20,20,0.7,2048
train_20260904_000402,2026-09-04T06:06:29,220,agent_0,6027.319250674403,7335.485802919044,-0.003790692612528801,644.6320121765136,0,3,0,0,4.222132895154902,0.4077877234387731,20,20,0.7,2048
train_20260904_000402,2026-09-04T06:06:29,220,agent_1,8643.652355163684,7335.485802919044,-0.006081487983465195,644.6320121765136,0,0,0,0,5.5183688195408545,0.0,20,20,0.7,2048
train_20260904_000402,2026-09-04T06:09:38,221,agent_0,993.0128116249938,1762.4566902833967,-0.005468875728547573,309.60705757141113,0,15,0,0,2.82642384095408,0.040308404885814775,20,20,0.7,2048
train_20260904_000402,2026-09-04T06:09:38,221,agent_1,2531.9005689417995,1762.4566902833967,-0.004664038773626089,309.60705757141113,0,17,0,0,3.2106800378990497,0.04898547833902556,20,20,0.7,2048
train_20260904_000402,2026-09-04T06:13:09,222,agent_0,2466.7179697446472,4815.8165887440455,-0.005454741884022951,359.7644588470459,0,12,0,0,3.1895862525796415,0.07382236578559431,20,20,0.7,2048
train_20260904_000402,2026-09-04T06:13:09,222,agent_1,7164.915207743444,4815.8165887440455,-0.0056064104661345485,359.7644588470459,1,2,0,0,7.1792288871057135,0.9946347299163395,20,20,0.7,2048
train_20260904_000402,2026-09-04T06:16:26,223,agent_0,225.5604278553417,10.16414613562435,-0.0036001382395625114,270.02325801849366,0,9,0,0,2.4109801079112088,0.06706171841467867,20,20,0.7,2048
train_20260904_000402,2026-09-04T06:16:26,223,agent_1,-205.232135584093,10.16414613562435,-0.007569957058876753,270.02325801849366,0,20,0,0,3.025997547898988,0.0455815608629655,20,20,0.7,2048
train_20260904_000402,2026-09-04T06:19:35,224,agent_0,1285.4940078039851,819.3915620799517,-0.005654208082705736,1034.5833023071289,0,5,4,0,3.2587308769410295,0.4972039648757727,20,20,0.7,2048
train_20260904_000402,2026-09-04T06:19:35,224,agent_1,353.28911635591805,819.3915620799517,-0.005841613933444023,1034.5833023071289,0,9,0,0,2.378582281166256,0.070845790504943,20,20,0.7,2048
train_20260904_000402,2026-09-04T06:23:03,225,agent_0,4554.051586602579,1890.2005718809462,-0.0058489167131483555,315.27368392944334,0,1,1,0,3.123304700372464,0.4392626186271178,20,20,0.7,2048
train_20260904_000402,2026-09-04T06:23:03,225,agent_1,-773.6504428406865,1890.2005718809462,-0.00559835359454155,315.27368392944334,0,7,0,0,1.5036308275483705,0.07074637228506464,20,20,0.7,2048
train_20260904_000402,2026-09-04T06:25:56,226,agent_0,-4181.762334569699,446.11251754356044,-0.004272063355892896,517.2938751220703,0,17,0,0,3.394648979720835,0.04797561519842164,20,20,0.7,2048
train_20260904_000402,2026-09-04T06:25:56,226,agent_1,5073.98736965682,446.11251754356044,-0.006300769466906786,517.2938751220703,0,1,0,0,3.674879592867941,0.9777421235502709,20,20,0.7,2048
train_20260904_000402,2026-09-04T06:28:58,227,agent_0,5233.128869406314,3326.6936054659695,-0.005793350469321013,322.5388645172119,0,2,1,0,3.4386911149939268,0.9691452257307801,20,20,0.7,2048
train_20260904_000402,2026-09-04T06:28:58,227,agent_1,1420.258341525625,3326.6936054659695,-0.006562411226332188,322.5388645172119,0,17,0,0,3.246980001466455,0.05705709499800182,20,20,0.7,2048
train_20260904_000402,2026-09-04T06:32:32,228,agent_0,3459.966030833267,1560.839021036915,-0.005905725341290235,355.97055015563967,0,2,0,0,2.6534961335124048,0.44143411602593685,20,20,0.7,2048
train_20260904_000402,2026-09-04T06:32:32,228,agent_1,-338.2879887594367,1560.839021036915,-0.0063191564753651615,355.97055015563967,0,4,0,0,1.1688253146014587,0.0715586668356476,20,20,0.7,2048
train_20260904_000402,2026-09-04T06:35:48,229,agent_0,-1059.2757475444969,773.0140718509342,-0.0050654617138206955,366.0779724121094,0,7,0,0,1.8372564876769233,0.0628097890374556,20,20,0.7,2048
train_20260904_000402,2026-09-04T06:35:48,229,agent_1,2605.3038912463653,773.0140718509342,-0.006088185682892799,366.0779724121094,0,0,0,0,1.4211718030304716,0.0,20,20,0.7,2048
train_20260904_000402,2026-09-04T06:39:07,230,agent_0,2631.166540824056,2028.8339278784692,-0.0064778697676956655,274.0340602874756,0,12,0,0,4.58351029753385,0.08683083195337982,20,20,0.7,2048
train_20260904_000402,2026-09-04T06:39:07,230,agent_1,1426.5013149328825,2028.8339278784692,-0.005211642477661371,274.0340602874756,0,1,0,0,0.779299286787211,0.0,20,20,0.7,2048
train_20260904_000402,2026-09-04T06:42:43,231,agent_0,-4336.763714787053,1897.0422735099414,-0.004834503307938576,479.1974624633789,0,9,0,0,0.5044396681495036,0.01020188854775883,20,20,0.7,2048
train_20260904_000402,2026-09-04T06:42:43,231,agent_1,8130.848261806936,1897.0422735099414,-0.005626908130943775,479.1974624633789,0,1,0,0,5.957617831676143,0.3619788714479285,20,20,0.7,2048
train_20260904_000402,2026-09-04T06:45:55,232,agent_0,2426.205207661359,4713.661017734323,-0.005978342331945896,805.115446472168,0,15,0,0,3.403447603702529,0.06449621603648081,20,20,0.7,2048
train_20260904_000402,2026-09-04T06:45:55,232,agent_1,7001.116827807286,4713.661017734323,-0.0073674962855875496,805.115446472168,0,0,2,0,6.265834010955428,0.994640685498345,20,20,0.7,2048
train_20260904_000402,2026-09-04T06:49:01,233,agent_0,4195.611948480822,1728.3798754181948,-0.005449132714420557,861.8855590820312,0,5,1,0,4.498800760947374,0.2499734263632858,20,20,0.7,2048
train_20260904_000402,2026-09-04T06:49:01,233,agent_1,-738.8521976444324,1728.3798754181948,-0.005580519791692495,861.8855590820312,0,1,0,0,1.0553739599854295,0.12851569016254882,20,20,0.7,2048
train_20260904_000402,2026-09-04T06:52:50,234,agent_0,1216.7987960973248,1426.3500066796416,-0.0051817218773067,297.7267242431641,0,14,1,0,3.8144097722246606,0.12118108417453177,20,20,0.7,2048
train_20260904_000402,2026-09-04T06:52:50,234,agent_1,1635.9012172619584,1426.3500066796416,-0.00439496599137783,297.7267242431641,0,14,0,0,2.8307848501955295,0.045569715627360785,20,20,0.7,2048
train_20260904_000402,2026-09-04T06:56:08,235,agent_0,1135.09869225637,1176.6379265887886,-0.004401984717696905,95.04265832901001,0,18,0,0,3.344960607900232,0.04074213601532106,20,20,0.7,2048
train_20260904_000402,2026-09-04T06:56:08,235,agent_1,1218.1771609212074,1176.6379265887886,-0.005054499953985214,95.04265832901001,0,8,0,0,2.2267477587350473,0.07094607228682126,20,20,0.7,2048
train_20260904_000402,2026-09-04T06:59:26,236,agent_0,585.3099111271073,3960.4861850749808,-0.005489834118634462,310.68901443481445,0,14,0,0,3.3566474325910556,0.06936902483313245,20,20,0.7,2048
train_20260904_000402,2026-09-04T06:59:26,236,agent_1,7335.662459022854,3960.4861850749808,-0.00526125943288207,310.68901443481445,1,0,0,0,5.696476691058424,0.9944533273459484,20,20,0.7,2048
train_20260904_000402,2026-09-04T07:03:14,237,agent_0,1886.703557126327,1369.3627880580175,-0.005126647185534239,129.6836305618286,0,15,0,0,3.587319393914755,0.049354716147357314,20,20,0.7,2048
train_20260904_000402,2026-09-04T07:03:14,237,agent_1,852.0220189897079,1369.3627880580175,-0.005461199674755335,129.6836305618286,0,7,0,0,1.9852886573482815,0.10954959401758368,20,20,0.7,2048
train_20260904_000402,2026-09-04T07:06:30,238,agent_0,7102.240525155729,7403.7758067225,-0.004742995742708445,684.0961288452148,0,3,0,0,5.453051174045018,0.47731756178316553,20,20,0.7,2048
train_20260904_000402,2026-09-04T07:06:30,238,agent_1,7705.311088289271,7403.7758067225,-0.004723223298788071,684.0961288452148,1,0,0,0,5.088589579897417,0.9924517053730402,20,20,0.7,2048
train_20260904_000402,2026-09-04T07:11:00,239,agent_0,2041.2628659058485,5445.87064009085,-0.006428700033575296,1043.470344543457,0,6,2,0,5.340112813737411,0.34745504800942373,20,20,0.7,2048
train_20260904_000402,2026-09-04T07:11:00,239,agent_1,8850.478414275853,5445.87064009085,-0.007337233796715736,1043.470344543457,0,0,0,0,4.6258626591271454,0.0,20,20,0.7,2048
train_20260904_000402,2026-09-04T07:18:02,240,agent_0,2733.685677921065,2302.5677267759497,-0.006580944638699293,412.0524276733398,0,18,0,0,4.26444019065003,0.05226959090533856,20,20,0.7,2048
train_20260904_000402,2026-09-04T07:18:02,240,agent_1,1871.4497756308347,2302.5677267759497,-0.004070108849555254,412.0524276733398,0,1,0,0,1.663183491737468,0.23554840187340376,20,20,0.7,2048
train_20260904_000402,2026-09-04T07:21:21,241,agent_0,2738.1345230751817,5601.849753383732,-0.0060245350934565066,559.8772041320801,0,15,0,0,3.7186762852981152,0.07127373300840001,20,20,0.7,2048
train_20260904_000402,2026-09-04T07:21:21,241,agent_1,8465.564983692282,5601.849753383732,-0.0035104436799883844,559.8772041320801,0,0,1,0,6.2997040127061315,0.8342388274225921,20,20,0.7,2048
train_20260904_000402,2026-09-04T07:24:24,242,agent_0,7590.814561805642,7790.868233490703,-0.0071455929428339005,467.4058216094971,0,1,0,0,4.472102056537391,0.3052121136807353,20,20,0.7,2048
train_20260904_000402,2026-09-04T07:24:24,242,agent_1,7990.921905175762,7790.868233490703,-0.006118766963481903,467.4058216094971,1,0,0,0,5.203789146092157,0.9944405835046373,20,20,0.7,2048
train_20260904_000402,2026-09-04T07:28:16,243,agent_0,2459.2965374940463,2569.6108834277243,-0.005041283369064331,508.1040752410889,0,15,0,0,2.743178660710199,0.0772638343937434,20,20,0.7,2048
train_20260904_000402,2026-09-04T07:28:16,243,agent_1,2679.925229361402,2569.6108834277243,-0.006016049813479185,508.1040752410889,0,7,0,0,2.7801809971365996,0.1974531601059013,20,20,0.7,2048
train_20260904_000402,2026-09-04T07:31:43,244,agent_0,1757.8751715991161,4923.942445018956,-0.005914985295385122,454.3569816589355,0,15,0,0,4.38358433186341,0.07179655919946171,20,20,0.7,2048
train_20260904_000402,2026-09-04T07:31:43,244,agent_1,8090.009718438797,4923.942445018956,-0.004614426288753748,454.3569816589355,1,1,0,0,5.679779225714838,0.9936675011118917,20,20,0.7,2048
train_20260904_000402,2026-09-04T07:35:31,245,agent_0,871.6020186861464,1897.8670139612882,-0.005254871863871813,257.64202938079836,0,12,0,0,2.9996029732714353,0.036522012554063954,20,20,0.7,2048
train_20260904_000402,2026-09-04T07:35:31,245,agent_1,2924.13200923643,1897.8670139612882,-0.005411759205162525,257.64202938079836,0,15,0,0,3.517262668759359,0.05726099991583988,20,20,0.7,2048
train_20260904_073606,2026-09-04T07:39:57,246,agent_0,2045.4105670354252,1749.5253478717095,-0.006774549186229706,170.18291511535645,0,20,0,0,3.142690678388991,0.09819891191439778,20,20,0.7,2048
train_20260904_073606,2026-09-04T07:39:57,246,agent_1,1453.640128707994,1749.5253478717095,-0.005035365745425224,170.18291511535645,0,2,0,0,1.1556093516933446,0.20727981046632393,20,20,0.7,2048
train_20260904_073606,2026-09-04T07:43:25,247,agent_0,7045.4541074051895,4517.392707970525,-0.004763421788811684,135.76383295059205,0,1,0,0,4.44579700910089,0.0065295711082681285,20,20,0.7,2048
train_20260904_073606,2026-09-04T07:43:25,247,agent_1,1989.3313085358614,4517.392707970525,-0.006434195395559073,135.76383295059205,0,12,0,0,3.3207195791309037,0.11592436121804317,20,20,0.7,2048
train_20260904_073606,2026-09-04T07:46:52,248,agent_0,6821.923733501172,2040.6647020456646,-0.006493938155472279,426.4928382873535,0,1,0,0,3.8959629513733574,0.2708499052001002,20,20,0.7,2048
train_20260904_073606,2026-09-04T07:46:52,248,agent_1,-2740.594329409843,2040.6647020456646,-0.004726791195571423,426.4928382873535,0,1,1,0,0.443215576480426,0.03253301889565874,20,20,0.7,2048
train_20260904_073606,2026-09-04T07:50:40,249,agent_0,1369.542833282689,980.7063405622415,-0.004463186673820019,379.43990898132324,0,11,0,0,3.1374897630890883,0.04627364826558289,20,20,0.7,2048
train_20260904_073606,2026-09-04T07:50:40,249,agent_1,591.8698478417941,980.7063405622415,-0.00407550148665905,379.43990898132324,0,19,0,0,2.697437732008519,0.1232072725487271,20,20,0.7,2048
train_20260904_073606,2026-09-04T07:53:59,250,agent_0,1674.088133203714,1402.3874097104297,-0.006646844651550054,178.75355033874513,0,9,0,0,2.895413595534156,0.11162064666903837,20,20,0.7,2048
train_20260904_073606,2026-09-04T07:53:59,250,agent_1,1130.6866862171453,1402.3874097104297,-0.004553555883467198,178.75355033874513,0,9,0,0,1.970977748818678,0.03893577688473937,20,20,0.7,2048
train_20260904_073606,2026-09-04T07:57:05,251,agent_0,2402.5874877994315,2544.4204177367433,-0.0058828117325901985,645.8253814697266,0,2,3,0,3.740170923102655,0.22598358101397775,20,20,0.7,2048
train_20260904_073606,2026-09-04T07:57:05,251,agent_1,2686.253347674055,2544.4204177367433,-0.006731717102229595,645.8253814697266,0,0,0,0,1.278368060270337,0.0,20,20,0.7,2048
train_20260904_073606,2026-09-04T08:01:00,252,agent_0,-899.3312094802271,631.421280579023,-0.005313127860426902,280.88893547058103,0,7,0,0,0.8372533379147409,0.03930664037844345,20,20,0.7,2048
train_20260904_073606,2026-09-04T08:01:00,252,agent_1,2162.1737706382733,631.421280579023,-0.005273571982979774,280.88893547058103,0,14,0,0,2.8747915755532163,0.05424211250369981,20,20,0.7,2048
train_20260904_073606,2026-09-04T08:04:32,253,agent_0,2508.1328832397535,4881.028106913266,-0.005424682982265949,615.7246566772461,0,10,0,0,2.66312183190148,0.09807199902857422,20,20,0.7,2048
train_20260904_073606,2026-09-04T08:04:32,253,agent_1,7253.923330586779,4881.028106913266,-0.005164345167577267,615.7246566772461,1,1,0,0,5.929157342944795,0.9927989550804166,20,20,0.7,2048
train_20260904_073606,2026-09-04T08:08:00,254,agent_0,6707.526189139978,6721.497905458342,-0.005279002804309129,860.5689903259278,1,0,0,0,3.299091445676809,0.9926752332700283,20,20,0.7,2048
train_20260904_073606,2026-09-04T08:08:00,254,agent_1,6735.469621776705,6721.497905458342,-0.005881999805569649,860.5689903259278,2,1,0,0,5.731790273295073,0.9907954500170296,20,20,0.7,2048
train_20260904_073606,2026-09-04T08:12:04,255,agent_0,-388.86985179095956,2702.5034660441765,-0.003967768233269453,736.4793464660645,0,18,0,0,3.314456977315738,0.051300738903473864,20,20,0.7,2048
train_20260904_073606,2026-09-04T08:12:04,255,agent_1,5793.876783879313,2702.5034660441765,-0.004086222779005766,736.4793464660645,0,4,0,0,5.268946190640171,0.3790052803788426,20,20,0.7,2048
train_20260904_073606,2026-09-04T08:15:39,256,agent_0,2519.7435790467575,2255.2779090713575,-0.005255061201751232,110.67073230743408,0,16,0,0,3.6069547160279134,0.060167669389972867,20,20,0.7,2048
train_20260904_073606,2026-09-04T08:15:39,256,agent_1,1990.812239095958,2255.2779090713575,-0.005948652513325214,110.67073230743408,0,0,0,0,0.930302897873292,0.0,20,20,0.7,2048
train_20260904_073606,2026-09-04T08:19:11,257,agent_0,-215.93024597219627,1314.1981887711424,-0.0054121741093695165,293.965132522583,0,13,0,0,2.1746625968565096,0.07842033049041708,20,20,0.7,2048
train_20260904_073606,2026-09-04T08:19:11,257,agent_1,2844.326623514481,1314.1981887711424,-0.0051020699553191665,293.965132522583,0,14,0,0,3.6833150127126273,0.48028304577723535,20,20,0.7,2048
train_20260904_073606,2026-09-04T08:22:58,258,agent_0,3309.924192845625,2433.3618624410965,-0.0047147275879979135,127.91027660369873,0,12,0,0,3.094969066769716,0.10167634542789639,20,20,0.7,2048
train_20260904_073606,2026-09-04T08:22:58,258,agent_1,1556.799532036568,2433.3618624410965,-0.0072253960184752945,127.91027660369873,0,0,0,0,0.6033963633310883,0.0,20,20,0.7,2048
train_20260904_073606,2026-09-04T08:26:22,259,agent_0,2990.1791557634433,1012.9283058608582,-0.005386720784008503,664.1425704956055,0,1,3,0,5.052681140658868,0.2806664511324104,20,20,0.7,2048
train_20260904_073606,2026-09-04T08:26:22,259,agent_1,-964.3225440417268,1012.9283058608582,-0.006682904902845621,664.1425704956055,0,0,0,0,0.5620501093145586,0.0,20,20,0.7,2048
train_20260904_073606,2026-09-04T08:30:16,260,agent_0,-3259.033796030104,-2550.4183663103695,-0.006621591281145811,857.170750427246,0,9,4,0,3.801591851916724,0.07118305997527186,20,20,0.7,2048
train_20260904_073606,2026-09-04T08:30:16,260,agent_1,-1841.802936590635,-2550.4183663103695,-0.005302677676081657,857.170750427246,0,13,0,0,1.6211084023966764,0.04079496299535712,20,20,0.7,2048
train_20260904_073606,2026-09-04T08:34:05,261,agent_0,-4359.54975865329,-2179.8312227133115,-0.006047723721712828,676.3172737121582,0,12,1,0,3.3086735503467444,0.09679515844347386,20,20,0.7,2048
train_20260904_073606,2026-09-04T08:34:05,261,agent_1,-0.11268677333241306,-2179.8312227133115,-0.006963655911386013,676.3172737121582,0,19,0,0,3.249631063752041,0.04019608795014051,20,20,0.7,2048
train_20260904_073606,2026-09-04T08:37:19,262,agent_0,2056.9732939702817,782.0409443197605,-0.005734006594866514,210.45511569976807,0,12,0,0,3.2696504270299522,0.0696741772885342,20,20,0.7,2048
train_20260904_073606,2026-09-04T08:37:19,262,agent_1,-492.89140533076085,782.0409443197605,-0.004813069477677345,210.45511569976807,0,5,0,0,1.6991728603023193,0.05837369476337262,20,20,0.7,2048
train_20260904_073606,2026-09-04T08:40:30,263,agent_0,3458.4147239672825,1879.0791334409328,-0.005062682460993529,166.14959964752197,0,12,0,0,3.3104071516664297,0.09398561009849749,20,20,0.7,2048
train_20260904_073606,2026-09-04T08:40:30,263,agent_1,299.74354291458326,1879.0791334409328,-0.004427934158593416,166.14959964752197,0,2,0,0,0.8010466548177633,0.05089445323948327,20,20,0.7,2048
train_20260904_073606,2026-09-04T08:44:17,264,agent_0,-752.8777872784183,272.38881659054584,-0.0059773076325654985,327.1484691619873,0,14,0,0,2.7300293355103364,0.0523748863951734,20,20,0.7,2048
train_20260904_073606,2026-09-04T08:44:17,264,agent_1,1297.65542045951,272.38881659054584,-0.005521754920482636,327.1484691619873,0,1,0,0,0.7949479403558454,0.05343070729536903,20,20,0.7,2048
train_20260904_073606,2026-09-04T08:47:38,265,agent_0,6356.488652969245,5929.0178026805415,-0.005920893047004938,599.7515922546387,1,2,0,0,4.367401796638803,0.9901248817925328,20,20,0.7,2048
train_20260904_073606,2026-09-04T08:47:38,265,agent_1,5501.546952391838,5929.0178026805415,-0.00704741170629859,599.7515922546387,0,8,0,0,5.490590569644139,0.40417489759242675,20,20,0.7,2048
train_20260904_073606,2026-09-04T08:51:01,266,agent_0,-341.68129203349827,753.8981718780316,-0.005283497367054224,320.6688568115234,0,13,0,0,2.2402740518440543,0.06036837904614656,20,20,0.7,2048
train_20260904_073606,2026-09-04T08:51:01,266,agent_1,1849.4776357895614,753.8981718780316,-0.0043531741015613076,320.6688568115234,0,1,0,0,1.958782866557727,0.18795668723830972,20,20,0.7,2048
train_20260904_073606,2026-09-04T08:54:52,267,agent_0,3778.0529422717814,1633.0792769983154,-0.004212513752281666,184.57825393676757,0,11,0,0,3.4458723346241604,0.08367734427876306,20,20,0.7,2048
train_20260904_073606,2026-09-04T08:54:52,267,agent_1,-511.8943882751506,1633.0792769983154,-0.002978085819631815,184.57825393676757,0,1,0,0,0.4471543174097464,0.12308562760847153,20,20,0.7,2048
train_20260904_073606,2026-09-04T08:58:24,268,agent_0,93.00516788070568,88.21888158631259,-0.0061428875662386416,329.38535385131837,0,10,0,0,1.939776558583808,0.05820536895971562,20,20,0.7,2048
train_20260904_073606,2026-09-04T08:58:24,268,agent_1,83.4325952919195,88.21888158631259,-0.006380061060190201,329.38535385131837,0,13,1,0,3.0061456992021345,0.06384648653910296,20,20,0.7,2048
train_20260904_073606,2026-09-04T09:01:52,269,agent_0,3447.8973549248185,1501.5201778520345,-0.0031252576038241385,147.03217430114745,0,14,0,0,3.6910803631726132,0.0615768780650402,20,20,0.7,2048
train_20260904_073606,2026-09-04T09:01:52,269,agent_1,-444.8569992207496,1501.5201778520345,-0.005320010706782341,147.03217430114745,0,2,0,0,1.022553184032491,0.0833931387500777,20,20,0.7,2048
train_20260904_073606,2026-09-04T09:05:47,270,agent_0,3777.1299412742464,3270.965345450969,-0.003507257625460625,246.75792922973633,0,13,0,0,3.769774405723303,0.06605357061399075,20,20,0.7,2048
train_20260904_073606,2026-09-04T09:05:47,270,agent_1,2764.8007496276914,3270.965345450969,-0.005204106122255326,246.75792922973633,0,6,0,0,3.162253528067781,0.16292611518972633,20,20,0.7,2048
train_20260904_073606,2026-09-04T09:09:13,271,agent_0,8024.629282429538,6666.994597533015,-0.005627397447824478,652.2341560363769,1,0,0,0,4.926054141412049,0.9954021187501427,20,20,0.7,2048
train_20260904_073606,2026-09-04T09:09:13,271,agent_1,5309.359912636492,6666.994597533015,-0.00573405185714364,652.2341560363769,0,4,0,0,5.051985738423748,0.3560247449017243,20,20,0.7,2048
train_20260904_073606,2026-09-04T09:12:48,272,agent_0,2740.25568441743,1815.0653043375125,-0.006461637280881405,133.54483337402343,0,9,0,0,2.7088634804334975,0.14525701069626562,20,20,0.7,2048
train_20260904_073606,2026-09-04T09:12:48,272,agent_1,889.8749242575949,1815.0653043375125,-0.0055518227629363535,133.54483337402343,0,24,0,0,3.099464764974136,0.03965769556291676,20,20,0.7,2048
train_20260904_073606,2026-09-04T09:16:52,273,agent_0,-3105.266766716989,-554.4546264862613,-0.002982182241976261,1289.5569610595703,0,38,0,0,0.9345546861587717,0.05191410237410177,20,20,0.7,2048
train_20260904_073606,2026-09-04T09:16:52,273,agent_1,1996.3575137444664,-554.4546264862613,-0.0035931609570980074,1289.5569610595703,0,15,0,0,4.28036602972744,0.09057915427122276,20,20,0.7,2048
train_20260904_073606,2026-09-04T09:20:21,274,agent_0,-2419.527682617408,627.4501251753245,-0.004799064155668021,345.87344551086426,0,2,0,0,0.8799079986972324,0.09049174516598013,20,20,0.7,2048
train_20260904_073606,2026-09-04T09:20:21,274,agent_1,3674.427932968057,627.4501251753245,-0.0046086710877716545,345.87344551086426,0,16,0,0,3.8352382426236478,0.13385900154387553,20,20,0.7,2048
train_20260904_073606,2026-09-04T09:23:46,275,agent_0,7670.195719803183,4309.836903894271,-0.007525036484003067,275.9871337890625,0,0,0,0,2.4167563427692795,0.0,20,20,0.7,2048
train_20260904_073606,2026-09-04T09:23:46,275,agent_1,949.4780879853596,4309.836903894271,-0.0058484929613769054,275.9871337890625,0,2,0,0,1.148205813328695,0.09046400636162577,20,20,0.7,2048
train_20260904_073606,2026-09-04T09:27:31,276,agent_0,-2505.116835187451,1418.6029531943755,-0.005771995987743139,266.7081329345703,0,5,0,0,0.8045578696337791,0.0466505516349035,20,20,0.7,2048
train_20260904_073606,2026-09-04T09:27:31,276,agent_1,5342.322741576202,1418.6029531943755,-0.0052530325949192045,266.7081329345703,0,4,0,0,7.134170023364992,0.5392405618481058,20,20,0.7,2048
train_20260904_073606,2026-09-04T09:31:02,277,agent_0,1788.286538973821,1694.8244381402938,-0.005200702231377363,130.54501953125,0,4,0,0,2.1435457789067196,0.1988633544796624,20,20,0.7,2048
train_20260904_073606,2026-09-04T09:31:02,277,agent_1,1601.3623373067664,1694.8244381402938,-0.005774970352649689,130.54501953125,0,18,0,0,3.032539368916633,0.04025740102849895,20,20,0.7,2048
train_20260904_073606,2026-09-04T09:34:29,278,agent_0,444.1010867354048,3280.8285242435923,-0.006753743626177311,664.7223991394043,0,5,0,0,1.5993440348712913,0.055840989751245074,20,20,0.7,2048
train_20260904_073606,2026-09-04T09:34:29,278,agent_1,6117.555961751779,3280.8285242435923,-0.004767727944999934,664.7223991394043,0,5,0,0,5.696783895563377,0.4875667399148076,20,20,0.7,2048
train_20260904_073606,2026-09-04T09:38:28,279,agent_0,6233.881419527991,2348.6704362496184,-0.005884829256683588,482.221040725708,0,3,0,0,4.260952280402202,0.8841176460802372,20,20,0.7,2048
train_20260904_073606,2026-09-04T09:38:28,279,agent_1,-1536.540547028754,2348.6704362496184,-0.005488415062427521,482.221040725708,0,8,0,0,1.8770413333784466,0.09535897765853185,20,20,0.7,2048
train_20260904_073606,2026-09-04T09:41:58,280,agent_0,7841.363347267982,6596.912458391482,-0.006732648238539696,763.3657035827637,0,0,0,0,4.138279996021175,0.0,20,20,0.7,2048
train_20260904_073606,2026-09-04T09:41:58,280,agent_1,5352.461569514982,6596.912458391482,-0.004305386217311025,763.3657035827637,0,4,0,0,7.2376893277716725,0.8620621183892738,20,20,0.7,2048
train_20260904_073606,2026-09-04T09:45:32,281,agent_0,3228.2540183983992,3001.875331130123,-0.007180977985262871,483.9806816101074,0,1,0,0,4.019461674972034,0.4851754325489105,20,20,0.7,2048
train_20260904_073606,2026-09-04T09:45:32,281,agent_1,2775.4966438618467,3001.875331130123,-0.006217520404607058,483.9806816101074,0,11,0,0,3.3585390582579318,0.0915389311700795,20,20,0.7,2048
train_20260904_073606,2026-09-04T09:49:34,282,agent_0,-6878.0008063264095,-4509.664876842746,-0.005090984143316745,772.1860069274902,0,11,6,0,3.070304807651376,0.04566838527985084,20,20,0.7,2048
train_20260904_073606,2026-09-04T09:49:34,282,agent_1,-2141.3289473590826,-4509.664876842746,-0.0050090554170310496,772.1860069274902,0,2,0,0,0.6082804538339257,0.05674136372689276,20,20,0.7,2048
train_20260904_073606,2026-09-04T09:53:16,283,agent_0,3238.319052096979,5086.547971933549,-0.006629841215908527,288.17513999938967,0,15,0,0,3.547340076759013,0.10639614479841486,20,20,0.7,2048
train_20260904_073606,2026-09-04T09:53:16,283,agent_1,6934.77689177012,5086.547971933549,-0.005854946980252862,288.17513999938967,2,0,0,0,6.623831082550064,0.9927647844823841,20,20,0.7,2048
train_20260904_073606,2026-09-04T09:57:05,284,agent_0,-9.386431549720484,896.9305341979283,-0.004568530805408954,215.53031730651855,0,12,0,0,1.7869307173376698,0.03336604491936346,20,20,0.7,2048
train_20260904_073606,2026-09-04T09:57:05,284,agent_1,1803.2474999455771,896.9305341979283,-0.0059492201544344425,215.53031730651855,0,14,0,0,4.126382490765442,0.08672108493713138,20,20,0.7,2048
train_20260904_073606,2026-09-04T10:02:39,285,agent_0,6927.9923487437,7074.659678747334,-0.005016472283750772,1080.2758682250976,0,1,0,0,5.291592348325539,0.46193324075308106,20,20,0.7,2048
train_20260904_073606,2026-09-04T10:02:39,285,agent_1,7221.327008750966,7074.659678747334,-0.005321860080584884,1080.2758682250976,2,2,0,0,8.055380577973263,0.9946052192026259,20,20,0.7,2048
train_20260904_073606,2026-09-04T10:10:32,286,agent_0,5916.492258613985,3783.1785585119464,-0.0076674636453390125,426.0607406616211,0,0,1,0,4.731309789680607,0.6389674771517646,20,20,0.7,2048
train_20260904_073606,2026-09-04T10:10:32,286,agent_1,1649.8648584099085,3783.1785585119464,-0.005293834395706654,426.0607406616211,0,17,0,0,3.50872958623222,0.0609302561760634,20,20,0.7,2048
train_20260904_073606,2026-09-04T10:17:48,287,agent_0,2690.3269900755618,-306.4356450140533,-0.005198891554027796,367.350358581543,0,19,0,0,3.5344403832541413,0.058557890049018235,20,20,0.7,2048
train_20260904_073606,2026-09-04T10:17:48,287,agent_1,-3303.1982801036684,-306.4356450140533,-0.005571244331076741,367.350358581543,0,50,0,0,2.680511355243896,0.026219389400821802,20,20,0.7,2048
train_20260904_073606,2026-09-04T10:21:47,288,agent_0,5322.273564773759,2482.1048054440307,-0.004919303767383099,298.09131088256834,0,4,0,0,5.392837824849932,0.6126678821396354,20,20,0.7,2048
train_20260904_073606,2026-09-04T10:21:47,288,agent_1,-358.0639538856972,2482.1048054440307,-0.006473872717469931,298.09131088256834,0,13,0,0,2.384990385631206,0.04376234778634558,20,20,0.7,2048
train_20260904_073606,2026-09-04T10:25:27,289,agent_0,1868.2461546992213,2153.8169779277805,-0.006077316077426076,176.178462600708,0,19,0,0,3.1954470223386435,0.08465738965339464,20,20,0.7,2048
train_20260904_073606,2026-09-04T10:25:27,289,agent_1,2439.38780115634,2153.8169779277805,-0.006296265963464975,176.178462600708,0,9,0,0,2.5878947641092918,0.08772235221781466,20,20,0.7,2048
train_20260904_073606,2026-09-04T10:29:03,290,agent_0,1937.8509227371171,1445.3276053898535,-0.006079529458656907,143.25372695922852,0,12,0,0,3.096225761919736,0.05646734461602132,20,20,0.7,2048
train_20260904_073606,2026-09-04T10:29:03,290,agent_1,952.8042880425899,1445.3276053898535,-0.007958599738776684,143.25372695922852,0,4,0,0,2.8420304278456183,0.14704848517429303,20,20,0.7,2048
train_20260904_073606,2026-09-04T10:33:14,291,agent_0,1869.0683663287998,1978.2211111986148,-0.005719386553391814,168.5174644470215,0,18,0,0,3.7293139126859205,0.06598777212330897,20,20,0.7,2048
train_20260904_073606,2026-09-04T10:33:14,291,agent_1,2087.37385606843,1978.2211111986148,-0.004938939400017261,168.5174644470215,0,10,0,0,2.760870381377988,0.12868903591622072,20,20,0.7,2048
train_20260904_073606,2026-09-04T10:36:51,292,agent_0,3052.080848357714,-704.6624219470414,-0.005452960822731256,74.38517360687256,0,19,0,0,3.4873256865279347,0.04134148447657171,20,20,0.7,2048
train_20260904_073606,2026-09-04T10:36:51,292,agent_1,-4461.405692251797,-704.6624219470414,-0.0057790832128375765,74.38517360687256,0,1,0,0,0.27080527896023204,0.03631578119986856,20,20,0.7,2048
train_20260904_073606,2026-09-04T10:40:40,293,agent_0,1589.7299985678276,3904.2551345513007,-0.005240974761545658,429.125870513916,0,17,0,0,3.839761481559592,0.05481909478514935,20,20,0.7,2048
train_20260904_073606,2026-09-04T10:40:40,293,agent_1,6218.780270534774,3904.2551345513007,-0.004936735238879919,429.125870513916,0,4,0,0,6.636581729982906,0.7038068214092188,20,20,0.7,2048
train_20260904_073606,2026-09-04T10:44:48,294,agent_0,1335.9323575659391,1217.4416233760571,-0.004500278597697615,188.6810514450073,0,14,0,0,3.2720393579928406,0.041832815944587654,20,20,0.7,2048
train_20260904_073606,2026-09-04T10:44:48,294,agent_1,1098.9508891861751,1217.4416233760571,-0.00453783143311739,188.6810514450073,0,11,0,0,2.8592897159550024,0.05541966960659972,20,20,0.7,2048
train_20260904_073606,2026-09-04T10:48:18,295,agent_0,2885.9459427879156,5125.761662633577,-0.005039934581145644,364.92512664794924,0,15,0,0,3.9114606885466716,0.09325749689037754,20,20,0.7,2048
train_20260904_073606,2026-09-04T10:48:18,295,agent_1,7365.577382479238,5125.761662633577,-0.006483177095651627,364.92512664794924,1,1,0,0,8.126106481758884,0.9954651674868708,20,20,0.7,2048
train_20260904_073606,2026-09-04T10:51:47,296,agent_0,430.17137021710283,4100.801564930431,-0.004435687325894833,303.48820877075195,0,15,0,0,3.6353645035040976,0.02707584920072681,20,20,0.7,2048
train_20260904_073606,2026-09-04T10:51:47,296,agent_1,7771.431759643758,4100.801564930431,-0.006933010509237647,303.48820877075195,1,1,0,0,7.405740890070793,0.9965907056632965,20,20,0.7,2048
train_20260904_073606,2026-09-04T10:55:50,297,agent_0,2327.7437446528556,4482.115742393742,-0.006319988472387195,1289.5883056640625,0,7,0,0,4.361502180332828,0.22834128634319195,20,20,0.7,2048
train_20260904_073606,2026-09-04T10:55:50,297,agent_1,6636.487740134628,4482.115742393742,-0.0038882678840309382,1289.5883056640625,0,2,0,0,6.90278016328315,0.4515784136431845,20,20,0.7,2048
train_20260904_073606,2026-09-04T10:59:33,298,agent_0,6282.782463775915,2609.4209927550737,-0.0055620336905121805,299.15708808898927,1,3,1,0,4.936315964542046,0.9929624724776497,20,20,0.7,2048
train_20260904_073606,2026-09-04T10:59:33,298,agent_1,-1063.940478265768,2609.4209927550737,-0.004472514288499952,299.15708808898927,0,4,0,0,0.786163235889189,0.05024576816102888,20,20,0.7,2048
train_20260904_073606,2026-09-04T11:03:21,299,agent_0,748.0873118837716,1015.7507939076177,-0.006415003584697843,284.3248058319092,0,13,0,0,2.797734287622083,0.07307981872564562,20,20,0.7,2048
train_20260904_073606,2026-09-04T11:03:21,299,agent_1,1283.4142759314639,1015.7507939076177,-0.006118785031139851,284.3248058319092,0,10,0,0,2.2360338347337407,0.05906317872393807,20,20,0.7,2048
train_20260904_073606,2026-09-04T11:07:31,300,agent_0,6621.411954895479,3763.4522935527443,-0.005451974691823125,338.8254699707031,1,1,0,0,5.3532103238483515,0.9937720663508446,20,20,0.7,2048
train_20260904_073606,2026-09-04T11:07:31,300,agent_1,905.4926322100104,3763.4522935527443,-0.005595394782721997,338.8254699707031,0,9,0,0,2.411526993913706,0.06259396759322089,20,20,0.7,2048
train_20260904_073606,2026-09-04T11:11:27,301,agent_0,1522.1598999560495,1113.2489026764551,-0.004566490929573774,169.57462692260742,0,17,0,0,3.4107777596016224,0.04898884407632642,20,20,0.7,2048
train_20260904_073606,2026-09-04T11:11:27,301,agent_1,704.3379053968606,1113.2489026764551,-0.003255014820024371,169.57462692260742,0,8,0,0,1.9602210965656366,0.050423117214045354,20,20,0.7,2048
train_20260904_073606,2026-09-04T11:15:16,302,agent_0,3857.847045725313,2737.633556401089,-0.0016505090985447167,142.87011222839357,0,14,0,0,3.837553455811022,0.044196325262897296,20,20,0.7,2048
train_20260904_073606,2026-09-04T11:15:16,302,agent_1,1617.4200670768657,2737.633556401089,-0.004051558114588261,142.87011222839357,0,6,0,0,1.8185011015078192,0.11867435609133137,20,20,0.7,2048
train_20260904_073606,2026-09-04T11:19:22,303,agent_0,2862.6580329511344,3960.9053005426854,-0.006245170207694173,680.9240768432617,0,16,0,0,4.480269849854481,0.07326216503805649,20,20,0.7,2048
train_20260904_073606,2026-09-04T11:19:22,303,agent_1,5059.152568134236,3960.9053005426854,-0.003287270339205861,680.9240768432617,2,0,1,0,6.905572665462508,0.9905385695219965,20,20,0.7,2048
train_20260904_073606,2026-09-04T11:23:06,304,agent_0,9330.08543810343,5317.062826857573,-0.004630253044888377,264.8056392669678,0,1,0,0,5.629274582378497,0.8846374956378671,20,20,0.7,2048
train_20260904_073606,2026-09-04T11:23:06,304,agent_1,1304.0402156117166,5317.062826857573,-0.0053721793927252294,264.8056392669678,0,12,0,0,3.231330292815014,0.05650492955808584,20,20,0.7,2048
train_20260904_073606,2026-09-04T11:26:50,305,agent_0,-3349.6118546339612,-1461.9849972901884,-0.006375553412362933,726.3742095947266,0,13,4,0,3.8284234567784146,0.03320473230406218,20,20,0.7,2048
train_20260904_073606,2026-09-04T11:26:50,305,agent_1,425.64186005358454,-1461.9849972901884,-0.004436760069802403,726.3742095947266,0,9,0,0,1.9865721947815904,0.12114569703397982,20,20,0.7,2048
train_20260904_073606,2026-09-04T11:30:58,306,agent_0,1078.8864052166725,2558.678310414539,-0.005912704858928919,443.91383361816406,0,22,0,0,3.7751340684189922,0.045968613734596486,20,20,0.7,2048
train_20260904_073606,2026-09-04T11:30:58,306,agent_1,4038.470215612405,2558.678310414539,-0.005180941987782716,443.91383361816406,2,1,1,0,7.825411560004565,0.99103365251394,20,20,0.7,2048
train_20260904_073606,2026-09-04T11:34:48,307,agent_0,946.8759125108076,2030.9133177437654,-0.005064618913456798,236.20620555877684,0,18,0,0,4.14266239017958,0.05420427617661794,20,20,0.7,2048
train_20260904_073606,2026-09-04T11:34:48,307,agent_1,3114.9507229767232,2030.9133177437654,-0.005598919745534658,236.20620555877684,0,16,0,0,4.021486483768013,0.1113853064469974,20,20,0.7,2048
train_20260904_073606,2026-09-04T11:39:14,308,agent_0,279.707753297409,925.0283813209545,-0.004918998852372169,243.33060989379882,0,17,0,0,4.443676312273904,0.0941783492624696,20,20,0.7,2048
train_20260904_073606,2026-09-04T11:39:14,308,agent_1,1570.3490093445,925.0283813209545,-0.005542115448042751,243.33060989379882,0,11,0,0,2.354264284053165,0.03906768811080663,20,20,0.7,2048
train_20260904_073606,2026-09-04T11:43:25,309,agent_0,6274.510604926077,3999.132897323138,-0.00692623839713633,444.6620445251465,1,3,0,0,5.800062003468531,0.9935282299688638,20,20,0.7,2048
train_20260904_073606,2026-09-04T11:43:25,309,agent_1,1723.755189720199,3999.132897323138,-0.005408105440437794,444.6620445251465,0,7,0,0,2.124125245767529,0.07446728934843028,20,20,0.7,2048
train_20260904_073606,2026-09-04T11:47:25,310,agent_0,972.8401859620767,1185.1772363430482,-0.004047852288931608,232.87293090820313,0,13,0,0,4.4518238260444365,0.18117129050939684,20,20,0.7,2048
train_20260904_073606,2026-09-04T11:47:25,310,agent_1,1397.5142867240197,1185.1772363430482,-0.004987695720046759,232.87293090820313,0,12,0,0,3.7557289612730056,0.05208447979754183,20,20,0.7,2048
train_20260904_073606,2026-09-04T11:51:04,311,agent_0,735.7602226482726,1622.8328077216622,-0.0037559276912361383,241.27056121826172,0,18,0,0,4.812976713856889,0.08553083390453631,20,20,0.7,2048
train_20260904_073606,2026-09-04T11:51:04,311,agent_1,2509.9053927950517,1622.8328077216622,-0.005863711424171925,241.27056121826172,0,5,0,0,3.0449886572528366,0.1512198809722699,20,20,0.7,2048
train_20260904_073606,2026-09-04T11:55:22,312,agent_0,-1415.3981389752485,-1177.0379609282347,-0.005273468140512705,406.7314334869385,0,22,0,0,4.308220075979725,0.03785586921013284,20,20,0.7,2048
train_20260904_073606,2026-09-04T11:55:22,312,agent_1,-938.6777828812209,-1177.0379609282347,-0.004812235059216618,406.7314334869385,0,4,0,0,1.1017547991398233,0.03787226131173327,20,20,0.7,2048
train_20260904_073606,2026-09-04T11:59:30,313,agent_0,2172.8596164048413,137.5807034418665,-0.00509464512579143,215.87477989196776,0,21,0,0,3.821169558387851,0.032629608880714644,20,20,0.7,2048
train_20260904_073606,2026-09-04T11:59:30,313,agent_1,-1897.6982095211083,137.5807034418665,-0.0056036548689007756,215.87477989196776,0,22,0,0,1.4575513915977294,0.011356719189743236,20,20,0.7,2048
train_20260904_073606,2026-09-04T12:03:26,314,agent_0,2714.6264126044384,4547.419402560044,-0.005307833384722471,527.0014633178711,0,19,0,0,3.883508487628498,0.043222269995132456,20,20,0.7,2048
train_20260904_073606,2026-09-04T12:03:26,314,agent_1,6380.212392515648,4547.419402560044,-0.004605363728478551,527.0014633178711,2,0,0,0,6.8484027017021605,0.9949051720644063,20,20,0.7,2048
train_20260904_073606,2026-09-04T12:07:35,315,agent_0,861.5848944959433,4049.3521417716747,-0.005227350862696767,490.2103096008301,0,17,0,0,3.9903868940191005,0.04659783388994654,20,20,0.7,2048
train_20260904_073606,2026-09-04T12:07:35,315,agent_1,7237.119389047406,4049.3521417716747,-0.004131261864677072,490.2103096008301,2,2,0,0,8.314398892960257,0.995161191960927,20,20,0.7,2048
train_20260904_073606,2026-09-04T12:11:28,316,agent_0,1980.5108026558848,4472.266717390555,-0.007969761965796351,410.8470199584961,0,13,0,0,4.434332568261493,0.0792135041684986,20,20,0.7,2048
train_20260904_073606,2026-09-04T12:11:28,316,agent_1,6964.022632125224,4472.266717390555,-0.0050033983308821915,410.8470199584961,0,4,0,0,7.619581250360549,0.8927950827939237,20,20,0.7,2048
train_20260904_073606,2026-09-04T12:15:04,317,agent_0,7222.17742972961,5461.381240667418,-0.005350439483299852,586.7973892211915,0,1,0,0,5.714277121567484,0.9883054854159053,20,20,0.7,2048
train_20260904_073606,2026-09-04T12:15:04,317,agent_1,3700.5850516052265,5461.381240667418,-0.005489078443497419,586.7973892211915,0,13,0,0,4.387800586138074,0.06608341730288414,20,20,0.7,2048
train_20260904_073606,2026-09-04T12:19:16,318,agent_0,-80.77723111950556,3455.6604872762546,-0.006494240183383226,452.8772792816162,0,21,0,0,2.684664414882394,0.06131466463470325,20,20,0.7,2048
train_20260904_073606,2026-09-04T12:19:16,318,agent_1,6992.098205672015,3455.6604872762546,-0.005235410388559103,452.8772792816162,0,3,1,0,7.310938722969416,0.8337731744417778,20,20,0.7,2048
train_20260904_073606,2026-09-04T12:23:15,319,agent_0,395.4319385644756,591.3480633898997,-0.005555781908333302,256.1366996765137,0,18,0,0,3.1824961750192253,0.0870324467404735,20,20,0.7,2048
train_20260904_073606,2026-09-04T12:23:15,319,agent_1,787.2641882153239,591.3480633898997,-0.004380659107118845,256.1366996765137,0,14,0,0,1.9150576853254158,0.07981239451600775,20,20,0.7,2048
train_20260904_073606,2026-09-04T12:26:54,320,agent_0,1404.3527013731891,1885.0888077053605,-0.004938408872112632,145.28683032989503,0,14,0,0,4.547030724881723,0.09461125012532356,20,20,0.7,2048
train_20260904_073606,2026-09-04T12:26:54,320,agent_1,2365.824914037532,1885.0888077053605,-0.006102457270026207,145.28683032989503,0,15,0,0,3.2268671467270758,0.07018188620439847,20,20,0.7,2048
train_20260904_073606,2026-09-04T12:31:19,321,agent_0,2291.619143085106,1442.7676138294792,-0.004501512181013823,365.7530933380127,0,20,0,0,3.5333514706558438,0.0461375519771654,20,20,0.7,2048
train_20260904_073606,2026-09-04T12:31:19,321,agent_1,593.9160845738523,1442.7676138294792,-0.005803409963846207,365.7530933380127,0,5,2,0,2.517489066294962,0.13073261100413047,20,20,0.7,2048
train_20260904_073606,2026-09-04T12:35:10,322,agent_0,1643.0703095763213,2475.3181116012365,-0.006451152032241225,228.415509223938,0,15,0,0,4.1015650874935465,0.04386683632855426,20,20,0.7,2048
train_20260904_073606,2026-09-04T12:35:10,322,agent_1,3307.5659136261515,2475.3181116012365,-0.004538162471726536,228.415509223938,0,13,0,0,3.7769356051545206,0.06810142229993843,20,20,0.7,2048
train_20260904_073606,2026-09-04T12:38:56,323,agent_0,6834.063750643975,3940.897824685372,-0.004512692801654339,209.7860107421875,0,2,0,0,5.7906302671049925,0.8062276983139443,20,20,0.7,2048
train_20260904_073606,2026-09-04T12:38:56,323,agent_1,1047.7318987267695,3940.897824685372,-0.004269497375935316,209.7860107421875,0,12,0,0,2.154959225695686,0.04096680234913885,20,20,0.7,2048
train_20260904_073606,2026-09-04T12:43:05,324,agent_0,236.23374479390202,3336.6130164069496,-0.005406388686969877,375.02784538269043,0,22,0,0,3.721701290178278,0.04660363264332912,20,20,0.7,2048
train_20260904_073606,2026-09-04T12:43:05,324,agent_1,6436.992288019997,3336.6130164069496,-0.004441137844696641,375.02784538269043,1,5,0,0,7.310086862456159,0.9914154812972255,20,20,0.7,2048
train_20260904_073606,2026-09-04T12:46:57,325,agent_0,1175.9679837905564,1399.2213713714468,-0.004743333533406257,133.9306791305542,0,17,0,0,4.62276949049515,0.08579663744890709,20,20,0.7,2048
train_20260904_073606,2026-09-04T12:46:57,325,agent_1,1622.474758952337,1399.2213713714468,-0.0037261666730046272,133.9306791305542,0,8,0,0,2.157010779446839,0.13450310615822403,20,20,0.7,2048
train_20260904_073606,2026-09-04T12:50:44,326,agent_0,6951.406227231055,4688.481347763339,-0.005999266263097524,292.8828777313232,1,1,0,0,6.785378756563445,0.9965324056946768,20,20,0.7,2048
train_20260904_073606,2026-09-04T12:50:44,326,agent_1,2425.5564682956233,4688.481347763339,-0.0028571010567247867,292.8828777313232,0,10,0,0,2.7114053349722402,0.09176334719833523,20,20,0.7,2048
train_20260904_073606,2026-09-04T12:55:04,327,agent_0,3031.0587315165403,4685.199189721268,-0.0059880924876779314,1025.2034820556642,0,17,0,0,4.724482458110998,0.04868559278270812,20,20,0.7,2048
train_20260904_073606,2026-09-04T12:55:04,327,agent_1,6339.339647925995,4685.199189721268,-0.006138404132798314,1025.2034820556642,1,1,2,0,7.858124934833094,0.9951952608524075,20,20,0.7,2048
train_20260904_073606,2026-09-04T12:58:54,328,agent_0,5920.789799910779,3520.685455649635,-0.004627332696691156,234.645650100708,0,5,0,0,6.057330854781864,0.3177226095641621,20,20,0.7,2048
train_20260904_073606,2026-09-04T12:58:54,328,agent_1,1120.581111388491,3520.685455649635,-0.004386320291087031,234.645650100708,0,7,0,0,1.6691167619121405,0.07306138667294892,20,20,0.7,2048
train_20260904_073606,2026-09-04T13:02:38,329,agent_0,2716.394752331484,2742.0983634509103,-0.003935772273689508,211.11729888916017,0,19,0,0,3.4784556022050026,0.028114067964750578,20,20,0.7,2048
train_20260904_073606,2026-09-04T13:02:38,329,agent_1,2767.8019745703364,2742.0983634509103,-0.0033056964632123707,211.11729888916017,0,7,0,0,3.3364169324943855,0.7468025496746362,20,20,0.7,2048
train_20260904_073606,2026-09-04T13:07:02,330,agent_0,-2151.737945520381,1859.0222953726357,-0.005444733845070005,450.6834350585938,0,21,0,0,4.363602799063762,0.05012400595339073,20,20,0.7,2048
train_20260904_073606,2026-09-04T13:07:02,330,agent_1,5869.782536265652,1859.0222953726357,-0.006348369177430868,450.6834350585938,0,3,1,0,7.072351232977993,0.5627435495648485,20,20,0.7,2048
train_20260904_073606,2026-09-04T13:11:01,331,agent_0,1364.0816932797682,4154.773504618163,-0.005350217688828707,444.76736907958986,0,17,0,0,3.869268216438923,0.07493946801420559,20,20,0.7,2048
train_20260904_073606,2026-09-04T13:11:01,331,agent_1,6945.465315956559,4154.773504618163,-0.0069793593138456345,444.76736907958986,0,4,1,0,6.98754103885343,0.776227888005234,20,20,0.7,2048
train_20260904_073606,2026-09-04T13:14:54,332,agent_0,2344.525476038787,3825.4953089383316,-0.006515927705913782,782.7334030151367,0,15,0,0,4.6226337415133205,0.08732542842927216,20,20,0.7,2048
train_20260904_073606,2026-09-04T13:14:54,332,agent_1,5306.465141837876,3825.4953089383316,-0.003881937451660633,782.7334030151367,0,6,0,0,6.365881695357008,0.43222466002075977,20,20,0.7,2048
train_20260904_073606,2026-09-04T13:19:11,333,agent_0,3229.481578283389,2426.3139666168836,-0.005588343413546681,108.50750331878662,0,16,0,0,2.9930399133040906,0.0554648718510945,20,20,0.7,2048
train_20260904_073606,2026-09-04T13:19:11,333,agent_1,1623.1463549503783,2426.3139666168836,-0.005687717441469431,108.50750331878662,0,1,0,0,1.0694113894982418,0.24585559957159475,20,20,0.7,2048
train_20260904_073606,2026-09-04T13:23:12,334,agent_0,928.2179812397746,845.6068545073731,-0.00456387959420681,567.7068916320801,0,7,0,0,5.267657909910719,0.6126589563699572,20,20,0.7,2048
train_20260904_073606,2026-09-04T13:23:12,334,agent_1,762.9957277749717,845.6068545073731,-0.0053511327132582664,567.7068916320801,0,12,0,0,2.577963648141618,0.038490910375544196,20,20,0.7,2048
train_20260904_073606,2026-09-04T13:27:16,335,agent_0,1103.1931348340179,3970.0490623485616,-0.005425306130200624,574.9523727416993,0,17,0,0,3.283533110545477,0.03803876278641716,20,20,0.7,2048
train_20260904_073606,2026-09-04T13:27:16,335,agent_1,6836.904989863106,3970.0490623485616,-0.005146151501685381,574.9523727416993,0,4,0,0,7.375751832005578,0.5986995980851731,20,20,0.7,2048
train_20260904_073606,2026-09-04T13:31:36,336,agent_0,7257.304946681818,6677.057005917826,-0.0037552269641309977,1196.3335876464844,0,0,1,0,5.582466471750466,0.988296785355527,20,20,0.7,2048
train_20260904_073606,2026-09-04T13:31:36,336,agent_1,6096.809065153833,6677.057005917826,-0.004857365926727653,1196.3335876464844,1,3,0,0,7.535670917855611,0.9953153916008672,20,20,0.7,2048
train_20260904_073606,2026-09-04T13:35:43,337,agent_0,1590.0754672906883,3119.687095618907,-0.005216449312865734,405.45535202026366,0,14,0,0,3.6307418675355807,0.06577267833612344,20,20,0.7,2048
train_20260904_073606,2026-09-04T13:35:43,337,agent_1,4649.298723947125,3119.687095618907,-0.004006051504984498,405.45535202026366,1,1,0,0,6.91202698211805,0.9961072032381468,20,20,0.7,2048
train_20260904_073606,2026-09-04T13:39:36,338,agent_0,4921.912473493774,6316.926054504313,-0.0053924566600471735,1223.3008422851562,1,2,0,0,5.425997146654815,0.9925450269081498,20,20,0.7,2048
train_20260904_073606,2026-09-04T13:39:36,338,agent_1,7711.939635514852,6316.926054504313,-0.004408983327448368,1223.3008422851562,0,3,0,0,8.554849701010095,0.7719448248663626,20,20,0.7,2048
train_20260904_073606,2026-09-04T13:43:55,339,agent_0,6913.308947703734,3821.0662722004618,-0.009262507781386375,258.9403949737549,0,2,0,0,5.2966370113007155,0.7137072290772128,20,20,0.7,2048
train_20260904_073606,2026-09-04T13:43:55,339,agent_1,728.8235966971897,3821.0662722004618,-0.0060133571736514565,258.9403949737549,0,7,0,0,1.8749168376107763,0.07743235507817148,20,20,0.7,2048
train_20260904_073606,2026-09-04T13:47:59,340,agent_0,-746.926035037688,-1985.4301581996688,-0.005241475719958544,220.05072803497313,0,13,0,0,2.3000251431129977,0.1083102345701481,20,20,0.7,2048
train_20260904_073606,2026-09-04T13:47:59,340,agent_1,-3223.9342813616495,-1985.4301581996688,-0.005658418405801058,220.05072803497313,0,1,0,0,0.31784551705909186,0.041093933900365864,20,20,0.7,2048
train_20260904_073606,2026-09-04T13:51:53,341,agent_0,6688.9090161014565,6717.722823599434,-0.007214859221130609,752.5005264282227,0,2,0,0,4.739068500332787,0.30770908040175593,20,20,0.7,2048
train_20260904_073606,2026-09-04T13:51:53,341,agent_1,6746.536631097412,6717.722823599434,-0.007363425008952618,752.5005264282227,2,0,0,0,7.861585940692176,0.9954078514248179,20,20,0.7,2048
train_20260904_073606,2026-09-04T13:56:17,342,agent_0,-1013.2679182517383,1998.5588612102945,-0.0056719267275184395,1115.488442993164,0,15,0,0,4.1730917887043635,0.07170675557800943,20,20,0.7,2048
train_20260904_073606,2026-09-04T13:56:17,342,agent_1,5010.385640672327,1998.5588612102945,-0.005727636581286788,1115.488442993164,0,5,0,0,5.809643190699276,0.2847942953738526,20,20,0.7,2048
train_20260904_073606,2026-09-04T14:00:39,343,agent_0,170.48799423030528,-639.0906444823645,-0.006757483491674066,460.0053565979004,0,12,0,0,2.35416117221615,0.03357917184415138,20,20,0.7,2048
train_20260904_073606,2026-09-04T14:00:39,343,agent_1,-1448.6692831950343,-639.0906444823645,-0.005073823826387524,460.0053565979004,0,6,0,0,1.281398650426804,0.032800643966624854,20,20,0.7,2048
train_20260904_073606,2026-09-04T14:04:41,344,agent_0,2926.0980201353946,2017.6719505860965,-0.004734529880806804,212.88361434936525,0,16,0,0,4.665104918363338,0.08163056345494402,20,20,0.7,2048
train_20260904_073606,2026-09-04T14:04:41,344,agent_1,1109.2458810367987,2017.6719505860965,-0.005174337839707732,212.88361434936525,0,8,0,0,2.1064405272505144,0.12409995975275967,20,20,0.7,2048
train_20260904_073606,2026-09-04T14:09:04,345,agent_0,6587.081816846165,8035.628754776451,-0.006607629545032978,1020.9943084716797,0,0,1,0,6.732783872129781,0.4304299252325765,20,20,0.7,2048
train_20260904_073606,2026-09-04T14:09:04,345,agent_1,9484.175692706738,8035.628754776451,-0.005021191854029894,1020.9943084716797,1,0,0,0,7.451394179931752,0.9967315765335203,20,20,0.7,2048
train_20260904_073606,2026-09-04T14:13:15,346,agent_0,-169.98965535553714,181.63090428117573,-0.006013727793470025,257.99220581054686,0,22,0,0,4.09596941347727,0.05144481370625664,20,20,0.7,2048
train_20260904_073606,2026-09-04T14:13:15,346,agent_1,533.2514639178886,181.63090428117573,-0.0054194312542676926,257.99220581054686,0,6,0,0,1.7424194173763035,0.05676751526426016,20,20,0.7,2048
train_20260904_073606,2026-09-04T14:17:15,347,agent_0,2797.724400859979,2104.0544327426787,-0.005974717903882265,133.93273143768312,0,16,0,0,3.3339102614472758,0.06100576915756273,20,20,0.7,2048
train_20260904_073606,2026-09-04T14:17:15,347,agent_1,1410.3844646253779,2104.0544327426787,-0.004157899925485253,133.93273143768312,0,0,0,0,0.5406696066229508,0.0,20,20,0.7,2048
train_20260904_073606,2026-09-04T14:21:39,348,agent_0,7235.938087476307,3520.506937387572,-0.005353661300614476,425.5156707763672,1,0,0,0,6.145054721738559,0.9946601107835631,20,20,0.7,2048
train_20260904_073606,2026-09-04T14:21:39,348,agent_1,-194.92421270116344,3520.506937387572,-0.004018155019730329,425.5156707763672,0,8,0,0,1.592080243475189,0.042541961634977365,20,20,0.7,2048
train_20260904_073606,2026-09-04T14:25:39,349,agent_0,1977.987886284699,4867.164189704657,-0.006080355448648334,348.8139087677002,0,14,0,0,3.7279121867838376,0.08323573529663497,20,20,0.7,2048
train_20260904_073606,2026-09-04T14:25:39,349,agent_1,7756.340493124614,4867.164189704657,-0.0051943026948720215,348.8139087677002,0,2,0,0,8.64890126463546,0.9859733170905296,20,20,0.7,2048
train_20260904_073606,2026-09-04T14:29:38,350,agent_0,5439.5466002660405,3582.362102422615,-0.005684690549969673,750.3480262756348,1,1,1,0,7.084218308161714,0.9941662897625003,20,20,0.7,2048
train_20260904_073606,2026-09-04T14:29:38,350,agent_1,1725.1776045791896,3582.362102422615,-0.006464416394010186,750.3480262756348,0,8,0,0,2.607548338674179,0.07315787259875828,20,20,0.7,2048
train_20260904_073606,2026-09-04T14:33:56,351,agent_0,2599.707818361354,1041.0320443647292,-0.004138339823111892,204.46112785339355,0,16,0,0,2.9029223256630994,0.03410021685778275,20,20,0.7,2048
train_20260904_073606,2026-09-04T14:33:56,351,agent_1,-517.6437296318956,1041.0320443647292,-0.004315613303333521,204.46112785339355,0,1,0,0,0.47944750570257577,0.03223582166690009,20,20,0.7,2048
train_20260904_073606,2026-09-04T14:38:36,352,agent_0,-111.40710321425571,-305.5828734290858,-0.005978333810344338,232.4113784790039,0,16,0,0,4.5234880388226735,0.09646101809856988,20,20,0.7,2048
train_20260904_073606,2026-09-04T14:38:36,352,agent_1,-499.7586436439159,-305.5828734290858,-0.005283770943060517,232.4113784790039,0,4,0,0,1.292597831079967,0.10285629705827659,20,20,0.7,2048
train_20260904_073606,2026-09-04T14:42:32,353,agent_0,5322.453884240601,3125.41818547566,-0.00549206230789423,922.5040817260742,1,8,1,0,5.845605420142685,0.9950055602569716,20,20,0.7,2048
train_20260904_073606,2026-09-04T14:42:32,353,agent_1,928.3824867107189,3125.41818547566,-0.004393081925809383,922.5040817260742,0,6,0,0,2.808147912241751,0.12735935305396673,20,20,0.7,2048
train_20260904_073606,2026-09-04T14:46:52,354,agent_0,7048.109883812636,5096.488290297854,-0.005771152162924409,407.5063053131104,1,1,0,0,5.55717161760067,0.9941393500076432,20,20,0.7,2048
train_20260904_073606,2026-09-04T14:46:52,354,agent_1,3144.8666967830727,5096.488290297854,-0.004620548058301211,407.5063053131104,0,10,0,0,3.9101145682734373,0.1449114885552888,20,20,0.7,2048
train_20260904_073606,2026-09-04T14:50:57,355,agent_0,2900.2557468568675,2585.8743335492036,-0.006225509848445654,389.03319053649903,0,12,0,0,4.876992191890485,0.056301933028154116,20,20,0.7,2048
train_20260904_073606,2026-09-04T14:50:57,355,agent_1,2271.492920241539,2585.8743335492036,-0.0044469706248492,389.03319053649903,0,9,0,0,2.9437525741306594,0.10277283038124374,20,20,0.7,2048
train_20260904_073606,2026-09-04T14:54:58,356,agent_0,1008.9065133318658,477.73737303857786,-0.005086026852950454,224.3193759918213,0,22,0,0,4.4496192638851415,0.08228237143936246,20,20,0.7,2048
train_20260904_073606,2026-09-04T14:54:58,356,agent_1,-53.431767254710095,477.73737303857786,-0.005658214446157217,224.3193759918213,0,12,0,0,2.2906209829941844,0.03419490052999952,20,20,0.7,2048
train_20260904_073606,2026-09-04T14:59:18,357,agent_0,6807.903145636298,7498.417476508627,-0.006389734009280801,1162.3363540649414,1,2,0,0,6.463245740517428,0.9914378230096584,20,20,0.7,2048
train_20260904_073606,2026-09-04T14:59:18,357,agent_1,8188.931807380956,7498.417476508627,-0.004577255574986339,1162.3363540649414,1,2,0,0,7.596645068547283,0.9961824622943296,20,20,0.7,2048
train_20260904_073606,2026-09-04T15:03:31,358,agent_0,3858.2819809282664,1427.0798626164596,-0.004058896563947201,144.38228435516356,0,14,0,0,3.8646982216325845,0.1313740027071182,20,20,0.7,2048
train_20260904_073606,2026-09-04T15:03:31,358,agent_1,-1004.1222556953471,1427.0798626164596,-0.005166552681475878,144.38228435516356,0,5,0,0,0.7469701021905254,0.03315450379012497,20,20,0.7,2048
train_20260904_073606,2026-09-04T15:07:32,359,agent_0,8642.340728380073,3146.4904662787703,-0.0059587207157164816,218.2616090774536,0,3,0,0,6.963751088071901,0.8850455216447377,20,20,0.7,2048
train_20260904_073606,2026-09-04T15:07:32,359,agent_1,-2349.3597958225328,3146.4904662787703,-0.005352060636505484,218.2616090774536,0,6,0,0,1.2181949882669107,0.03645280914507121,20,20,0.7,2048
train_20260904_073606,2026-09-04T15:12:00,360,agent_0,7059.021674373964,3802.6154915061284,-0.004506333777680993,712.5363815307617,1,2,0,0,6.99638279091309,0.9936073884487877,20,20,0.7,2048
train_20260904_073606,2026-09-04T15:12:00,360,agent_1,546.209308638293,3802.6154915061284,-0.005816950695589185,712.5363815307617,0,4,0,0,1.433779605434146,0.13417310214246025,20,20,0.7,2048
train_20260904_073606,2026-09-04T15:16:06,361,agent_0,1587.7443979332006,2749.880372048309,-0.007044695178046822,526.9099266052247,0,21,0,0,3.058282579215531,0.0535575712894657,20,20,0.7,2048
train_20260904_073606,2026-09-04T15:16:06,361,agent_1,3912.016346163417,2749.880372048309,-0.004520237725228071,526.9099266052247,1,4,0,0,7.419295021341182,0.993090123339618,20,20,0.7,2048
train_20260904_073606,2026-09-04T15:20:12,362,agent_0,1265.270773228738,-1629.1171901257276,-0.006222201324999332,642.0642433166504,0,18,0,0,4.298295507784593,0.06992509861799545,20,20,0.7,2048
train_20260904_073606,2026-09-04T15:20:12,362,agent_1,-4523.505153480193,-1629.1171901257276,-0.0049263145308941604,642.0642433166504,0,7,4,0,1.3427611326468238,0.04644109661475593,20,20,0.7,2048
train_20260904_073606,2026-09-04T15:24:43,363,agent_0,724.3609528466337,852.5083315370575,-0.005555403931066394,175.69246196746826,0,19,0,0,3.8321696202224644,0.04706191745682908,20,20,0.7,2048
train_20260904_073606,2026-09-04T15:24:43,363,agent_1,980.6557102274813,852.5083315370575,-0.006636018352583051,175.69246196746826,0,1,0,0,0.9942845972547102,0.0629375633848891,20,20,0.7,2048
train_20260904_073606,2026-09-04T15:28:55,364,agent_0,116.19223372548592,110.59016772815585,-0.004871648643165827,118.44630794525146,0,20,0,0,3.644802747631426,0.0789255345592833,20,20,0.7,2048
train_20260904_073606,2026-09-04T15:28:55,364,agent_1,104.98810173082576,110.59016772815585,-0.004053572472184896,118.44630794525146,0,6,0,0,1.7522302489918153,0.04616810613829281,20,20,0.7,2048
train_20260904_073606,2026-09-04T15:33:03,365,agent_0,1540.5281788153422,1909.3728493747903,-0.005775667820125818,128.2395477294922,0,16,0,0,3.7202012992060314,0.15123041811412274,20,20,0.7,2048
train_20260904_073606,2026-09-04T15:33:03,365,agent_1,2278.2175199342387,1909.3728493747903,-0.004363224841654301,128.2395477294922,0,10,0,0,2.5747638099485437,0.05948841394295479,20,20,0.7,2048
train_20260904_073606,2026-09-04T15:37:35,366,agent_0,1862.158600181085,-354.3478298101462,-0.005819315742701292,162.24073047637938,0,16,0,0,3.8610446312190483,0.08169151657913021,20,20,0.7,2048
train_20260904_073606,2026-09-04T15:37:35,366,agent_1,-2570.8542598013773,-354.3478298101462,-0.00547360721975565,162.24073047637938,0,2,0,0,0.857202754754955,0.03772006364577707,20,20,0.7,2048
train_20260904_073606,2026-09-04T15:41:50,367,agent_0,3159.5274271523435,2656.1266916868844,-0.005151012632995844,284.7361640930176,0,19,0,0,3.1949324561446124,0.042072447981477135,20,20,0.7,2048
train_20260904_073606,2026-09-04T15:41:50,367,agent_1,2152.725956221425,2656.1266916868844,-0.004754319740459323,284.7361640930176,0,10,0,0,2.3678016370022097,0.07332571752871964,20,20,0.7,2048
train_20260904_073606,2026-09-04T15:46:02,368,agent_0,3269.787137541495,-59.03650376485757,-0.005069128656759858,116.51472854614258,0,12,0,0,2.776051909831053,0.07076891911044458,20,20,0.7,2048
train_20260904_073606,2026-09-04T15:46:02,368,agent_1,-3387.8601450712104,-59.03650376485757,-0.0046708735171705484,116.51472854614258,0,2,0,0,0.4652521421253578,0.04666455544470216,20,20,0.7,2048
train_20260904_073606,2026-09-04T15:50:31,369,agent_0,2568.565516574028,2120.4878733966916,-0.006349857896566391,220.41737022399903,0,13,0,0,4.077901747779362,0.059382285095866516,20,20,0.7,2048
train_20260904_073606,2026-09-04T15:50:31,369,agent_1,1672.410230219355,2120.4878733966916,-0.005703182378783822,220.41737022399903,0,3,0,0,1.5636465747971828,0.146566566158136,20,20,0.7,2048
train_20260904_073606,2026-09-04T15:54:39,370,agent_0,6523.2127720712015,3552.1980473161275,-0.0073831225745379925,480.58824729919434,0,3,0,0,5.457083548435401,0.4347348902110201,20,20,0.7,2048
train_20260904_073606,2026-09-04T15:54:39,370,agent_1,581.1833225610537,3552.1980473161275,-0.0048681491985917095,480.58824729919434,0,4,0,0,1.0753356021145903,0.08130626293436827,20,20,0.7,2048
train_20260904_073606,2026-09-04T15:58:53,371,agent_0,2547.612581697975,3452.8234039822682,-0.005538922967389226,637.9382705688477,0,14,0,0,3.3434241954645665,0.10707899044903368,20,20,0.7,2048
train_20260904_073606,2026-09-04T15:58:53,371,agent_1,4358.034226266562,3452.8234039822682,-0.005883660586550832,637.9382705688477,2,10,0,0,7.123790033668736,0.9935074772877621,20,20,0.7,2048
train_20260904_073606,2026-09-04T16:03:19,372,agent_0,5488.999040472864,3183.1710336510696,-0.005927562434226275,436.0348602294922,0,3,0,0,6.143208281857692,0.5941997574939841,20,20,0.7,2048
train_20260904_073606,2026-09-04T16:03:19,372,agent_1,877.3430268292748,3183.1710336510696,-0.005079475836828351,436.0348602294922,0,7,0,0,1.4967416128425048,0.04859590487164256,20,20,0.7,2048
train_20260904_073606,2026-09-04T16:07:28,373,agent_0,-2434.4809008328907,-410.0273174769043,-0.006946195522323251,533.8959037780762,0,14,0,0,3.40651650722646,0.06215705870932686,20,20,0.7,2048
train_20260904_073606,2026-09-04T16:07:28,373,agent_1,1614.4262658790822,-410.0273174769043,-0.004272364545613527,533.8959037780762,0,1,0,0,0.6450095553929228,0.3097406866249456,20,20,0.7,2048
train_20260904_073606,2026-09-04T16:11:40,374,agent_0,2900.994382599681,-212.93691666377254,-0.004995180713012815,748.3835350036621,0,19,0,0,3.3617830307727696,0.08135112879700535,20,20,0.7,2048
train_20260904_073606,2026-09-04T16:11:40,374,agent_1,-3326.868215927226,-212.93691666377254,-0.004747069161385298,748.3835350036621,0,15,0,0,3.457078129471904,0.09295063527875336,20,20,0.7,2048
train_20260904_073606,2026-09-04T16:16:15,375,agent_0,1582.979856924536,997.1013350973471,-0.005917480727657676,239.63056411743165,0,20,0,0,4.267186152380868,0.10793002200044699,20,20,0.7,2048
train_20260904_073606,2026-09-04T16:16:15,375,agent_1,411.2228132701582,997.1013350973471,-0.006081099854782224,239.63056411743165,0,5,0,0,1.4150333952754865,0.12193623035561907,20,20,0.7,2048
train_20260904_073606,2026-09-04T16:20:26,376,agent_0,-4987.764806629544,-1965.1545521168546,-0.005728955287486315,713.7021232604981,0,21,0,0,3.719113244622855,0.05627202798551467,20,20,0.7,2048
train_20260904_073606,2026-09-04T16:20:26,376,agent_1,1057.455702395835,-1965.1545521168546,-0.0047007935587316755,713.7021232604981,0,5,0,0,1.4022365898798115,0.05485123501166578,20,20,0.7,2048
train_20260904_073606,2026-09-04T16:24:31,377,agent_0,3038.1867475437116,4277.94978334729,-0.005106197949498892,559.8542861938477,0,13,0,0,2.9257737690041736,0.045055125910074434,20,20,0.7,2048
train_20260904_073606,2026-09-04T16:24:31,377,agent_1,5517.712819150868,4277.94978334729,-0.005664203595370054,559.8542861938477,0,6,1,0,6.944506376188943,0.5089181161796246,20,20,0.7,2048
train_20260904_073606,2026-09-04T16:29:06,378,agent_0,2169.8447997101575,1438.5568444875055,-0.004355908045545221,238.26994667053222,0,12,0,0,4.226635798172988,0.09087080493706012,20,20,0.7,2048
train_20260904_073606,2026-09-04T16:29:06,378,agent_1,707.2688892648533,1438.5568444875055,-0.0046145277563482525,238.26994667053222,0,6,0,0,1.4990467634465785,0.04377302707863173,20,20,0.7,2048
train_20260904_073606,2026-09-04T16:33:22,379,agent_0,2308.321627597919,1154.5325557386714,-0.0048228418454527855,169.08072605133057,0,14,0,0,3.539221230072953,0.038660144226536075,20,20,0.7,2048
train_20260904_073606,2026-09-04T16:33:22,379,agent_1,0.7434838794236913,1154.5325557386714,-0.005909639364108443,169.08072605133057,0,3,0,0,0.8393903448031894,0.06202109622403018,20,20,0.7,2048
train_20260904_073606,2026-09-04T16:37:27,380,agent_0,6068.750770085196,3292.9514074025587,-0.004450067738071084,289.2082244873047,1,1,0,0,6.475051232866466,0.994648468099751,20,20,0.7,2048
train_20260904_073606,2026-09-04T16:37:27,380,agent_1,517.1520447199216,3292.9514074025587,-0.005723770754411816,289.2082244873047,0,2,0,0,1.4793517756470342,0.1687933311416242,20,20,0.7,2048
train_20260904_073606,2026-09-04T16:41:57,381,agent_0,-1132.9264836031896,2181.758964399861,-0.005718944035470486,356.25851554870604,0,14,0,0,2.1386078298376945,0.037630603721157674,20,20,0.7,2048
train_20260904_073606,2026-09-04T16:41:57,381,agent_1,5496.444412402911,2181.758964399861,-0.004974360531195998,356.25851554870604,0,2,0,0,5.733171016081311,0.6450918211545578,20,20,0.7,2048
train_20260904_073606,2026-09-04T16:46:04,382,agent_0,3807.9796550383485,2808.279356682179,-0.004810096137225628,168.08912506103516,0,13,0,0,3.2014875302326,0.1234487001709883,20,20,0.7,2048
train_20260904_073606,2026-09-04T16:46:04,382,agent_1,1808.5790583260089,2808.279356682179,-0.004386813566088677,168.08912506103516,0,3,0,0,1.9228389142552904,0.1694071730528055,20,20,0.7,2048
train_20260904_073606,2026-09-04T16:50:09,383,agent_0,3085.0958735521626,1934.927491381221,-0.004937961511313915,543.1979225158691,0,2,2,0,5.392817833812965,0.6300697023334263,20,20,0.7,2048
train_20260904_073606,2026-09-04T16:50:09,383,agent_1,784.7591092102796,1934.927491381221,-0.0060450014192610976,543.1979225158691,0,12,0,0,2.053173630894005,0.05214854921859535,20,20,0.7,2048
train_20260904_073606,2026-09-04T16:54:45,384,agent_0,700.4931338647184,3034.632044032237,-0.004546176269650459,365.31965789794924,0,9,0,0,2.6066080440942443,0.05783181667704307,20,20,0.7,2048
train_20260904_073606,2026-09-04T16:54:45,384,agent_1,5368.770954199756,3034.632044032237,-0.005658797593787313,365.31965789794924,0,5,0,0,6.8911385507417835,0.5620969098852062,20,20,0.7,2048
train_20260904_073606,2026-09-04T16:58:50,385,agent_0,849.8787492049793,1431.1406099405842,-0.004776103561744094,175.08572540283203,0,8,0,0,1.7959297789255337,0.06247887039845346,20,20,0.7,2048
train_20260904_073606,2026-09-04T16:58:50,385,agent_1,2012.4024706761893,1431.1406099405842,-0.004793847072869539,175.08572540283203,0,10,0,0,1.843282318172566,0.04560676973264555,20,20,0.7,2048
train_20260904_073606,2026-09-04T17:02:49,386,agent_0,2190.5157327404913,1948.6966369075992,-0.0062901929020881655,877.1490905761718,0,0,4,0,3.577217022271924,0.1415303972932691,20,20,0.7,2048
train_20260904_073606,2026-09-04T17:02:49,386,agent_1,1706.877541074707,1948.6966369075992,-0.005812287796288729,877.1490905761718,0,2,0,0,1.6651751449411412,0.16100619541311878,20,20,0.7,2048
train_20260904_073606,2026-09-04T17:07:23,387,agent_0,-854.6546258262508,-163.05122217875015,-0.006739049823954702,200.41047477722168,0,1,0,0,0.17905254601086099,0.05242211651397555,20,20,0.7,2048
train_20260904_073606,2026-09-04T17:07:23,387,agent_1,528.5521814687505,-163.05122217875015,-0.006251487834379077,200.41047477722168,0,5,0,0,1.1074993288108006,0.04336474265885881,20,20,0.7,2048
train_20260904_073606,2026-09-04T17:11:34,388,agent_0,2840.165001706754,1207.8562365811677,-0.004003481101244688,241.83351135253906,0,6,0,0,3.0497871109959007,0.13286605327222223,20,20,0.7,2048
train_20260904_073606,2026-09-04T17:11:34,388,agent_1,-424.4525285444187,1207.8562365811677,-0.0042029574513435366,241.83351135253906,0,5,0,0,0.6990861735994375,0.09217448489630697,20,20,0.7,2048
train_20260904_073606,2026-09-04T17:16:00,389,agent_0,-5341.199148020345,-1456.8210289957556,-0.005159696936607361,1864.5406677246094,0,16,0,0,3.637786948158464,0.11915071588566462,20,20,0.7,2048
train_20260904_073606,2026-09-04T17:16:00,389,agent_1,2427.557090028834,-1456.8210289957556,-0.005049701267853379,1864.5406677246094,0,25,1,0,6.462212729482573,0.2755262352896035,20,20,0.7,2048
train_20260904_073606,2026-09-04T17:20:35,390,agent_0,-663.0705900906852,2421.812857002412,-0.004847122542560101,455.06962661743165,0,11,0,0,2.5039840599411654,0.05604681885934426,20,20,0.7,2048
train_20260904_073606,2026-09-04T17:20:35,390,agent_1,5506.696304095509,2421.812857002412,-0.005897113122045994,455.06962661743165,0,2,1,0,7.441476608303485,0.8420322388307773,20,20,0.7,2048
train_20260904_073606,2026-09-04T17:24:48,391,agent_0,689.7130542818805,428.6112564264952,-0.0041676830034703015,242.8802350997925,0,14,0,0,2.8179147377833487,0.04459962544714824,20,20,0.7,2048
train_20260904_073606,2026-09-04T17:24:48,391,agent_1,167.50945857110986,428.6112564264952,-0.004430817626416683,242.8802350997925,0,1,0,0,0.5334089570008858,0.057291824527037405,20,20,0.7,2048
train_20260904_073606,2026-09-04T17:28:55,392,agent_0,8551.49371377108,4692.033402169367,-0.004677797853946686,322.78936729431155,1,0,0,0,7.110135552537896,0.9951326028944385,20,20,0.7,2048
train_20260904_073606,2026-09-04T17:28:55,392,agent_1,832.573090567653,4692.033402169367,-0.005496813589707017,322.78936729431155,0,5,0,0,1.5985372628991923,0.09905530545351748,20,20,0.7,2048
train_20260904_073606,2026-09-04T17:33:45,393,agent_0,5031.066928685385,3339.269196809583,-0.004144795378670097,933.075715637207,1,13,0,0,5.194066560297463,0.9944229499704774,20,20,0.7,2048
train_20260904_073606,2026-09-04T17:33:45,393,agent_1,1647.4714649337805,3339.269196809583,-0.004839316150173545,933.075715637207,0,18,0,0,3.1269519608314256,0.04057192363795947,20,20,0.7,2048
train_20260904_073606,2026-09-04T17:37:35,394,agent_0,5854.461031571433,7240.548701062154,-0.005304065765812993,1348.267478942871,1,2,0,0,6.9483794397275185,0.9943854528119814,20,20,0.7,2048
train_20260904_073606,2026-09-04T17:37:35,394,agent_1,8626.636370552875,7240.548701062154,-0.004783230554312468,1348.267478942871,2,1,0,0,8.506139649231745,0.9938850645254479,20,20,0.7,2048
train_20260904_073606,2026-09-04T17:41:37,395,agent_0,568.8069429676257,-66.26489201695591,-0.0048212689813226465,262.6387882232666,0,21,0,0,3.4810827468358356,0.03664155196756291,20,20,0.7,2048
train_20260904_073606,2026-09-04T17:41:37,395,agent_1,-701.3367270015375,-66.26489201695591,-0.005472881579771638,262.6387882232666,0,3,0,0,0.8670293250914634,0.08726909133880667,20,20,0.7,2048
train_20260904_073606,2026-09-04T17:46:13,396,agent_0,3431.8715055440653,1248.2438666019154,-0.004927869699895382,188.15346164703368,0,2,0,0,7.428747986248688,0.7657729550583878,20,20,0.7,2048
train_20260904_073606,2026-09-04T17:46:13,396,agent_1,-935.3837723402344,1248.2438666019154,-0.005993968946859241,188.15346164703368,0,10,0,0,1.5093234746211373,0.053424919336670484,20,20,0.7,2048
train_20260904_073606,2026-09-04T17:50:25,397,agent_0,3077.2500732536023,1604.8873995487088,-0.004477732116356492,249.0732152938843,0,11,0,0,3.4619646825960655,0.48498306011316294,20,20,0.7,2048
train_20260904_073606,2026-09-04T17:50:25,397,agent_1,132.5247258438151,1604.8873995487088,-0.004990894533693791,249.0732152938843,0,1,0,0,0.48690058175053896,0.040419269624347276,20,20,0.7,2048
train_20260904_073606,2026-09-04T17:54:29,398,agent_0,4740.98223942172,7078.16029904714,-0.005617805384099483,739.6447593688965,0,6,1,0,5.938772600767173,0.7076320489749213,20,20,0.7,2048
train_20260904_073606,2026-09-04T17:54:29,398,agent_1,9415.338358672561,7078.16029904714,-0.004457209771499038,739.6447593688965,1,0,0,0,7.946461313731073,0.9963392273497347,20,20,0.7,2048
train_20260904_073606,2026-09-04T17:59:16,399,agent_0,-1271.8615775976405,322.13969457173187,-0.0055873163510113955,155.1646951675415,0,19,0,0,2.563969505704643,0.03681776241554413,20,20,0.7,2048
train_20260904_073606,2026-09-04T17:59:16,399,agent_1,1916.1409667411042,322.13969457173187,-0.005183914955705404,155.1646951675415,0,12,0,0,2.906095781298223,0.09759875440322785,20,20,0.7,2048
train_20260904_073606,2026-09-04T18:03:34,400,agent_0,771.3468904585877,3698.7710252681395,-0.006119747925549745,941.0814376831055,0,17,0,0,3.970895543457375,0.10545466495261757,20,20,0.7,2048
train_20260904_073606,2026-09-04T18:03:34,400,agent_1,6626.195160077691,3698.7710252681395,-0.006131711974740028,941.0814376831055,0,3,0,0,8.213392840833109,0.8148058284853705,20,20,0.7,2048
train_20260904_073606,2026-09-04T18:07:51,401,agent_0,2657.1144040054455,5400.560598450493,-0.0050509021617472175,447.3076141357422,0,15,0,0,3.0311576349120677,0.03281502655598034,20,20,0.7,2048
train_20260904_073606,2026-09-04T18:07:51,401,agent_1,8144.00679289554,5400.560598450493,-0.005268539860844612,447.3076141357422,1,1,0,0,7.723643881911668,0.994188043916821,20,20,0.7,2048
train_20260904_073606,2026-09-04T18:12:29,402,agent_0,6974.17232751409,7559.503435891211,-0.0036322756204754114,1010.6870529174805,0,3,1,0,7.033329572154542,0.48652196980200924,20,20,0.7,2048
train_20260904_073606,2026-09-04T18:12:29,402,agent_1,8144.834544268331,7559.503435891211,-0.0046611734665930275,1010.6870529174805,1,0,0,0,5.804726074707477,0.995079731559394,20,20,0.7,2048
train_20260904_073606,2026-09-04T18:16:48,403,agent_0,1222.3121784493567,542.5020094805172,-0.003329777019098401,170.4494716644287,0,7,0,0,1.736035288268459,0.06715765287961584,20,20,0.7,2048
train_20260904_073606,2026-09-04T18:16:48,403,agent_1,-137.30815948832208,542.5020094805172,-0.005749230179935694,170.4494716644287,0,1,0,0,1.2693487776884644,0.23977044303920825,20,20,0.7,2048
train_20260904_073606,2026-09-04T18:21:08,404,agent_0,2100.90205047854,5534.008119350847,-0.00544607532210648,445.169762802124,0,16,0,0,2.8425909172642596,0.0551861839564981,20,20,0.7,2048
train_20260904_073606,2026-09-04T18:21:08,404,agent_1,8967.114188223153,5534.008119350847,-0.005842288723215461,445.169762802124,1,1,0,0,6.10504372010067,0.9968748507380985,20,20,0.7,2048
train_20260904_073606,2026-09-04T18:25:50,405,agent_0,2922.139874730378,1981.3527965115786,-0.004153703572228551,126.74776973724366,0,13,0,0,2.5079193163488784,0.042991113344637566,20,20,0.7,2048
train_20260904_073606,2026-09-04T18:25:50,405,agent_1,1040.5657182927794,1981.3527965115786,-0.0065158427692949775,126.74776973724366,0,1,0,0,0.6990976317274282,0.013422286243957027,20,20,0.7,2048
train_20260904_073606,2026-09-04T18:30:16,406,agent_0,841.492007725416,1064.4244249841677,-0.00565296490676701,662.2577453613281,0,10,0,0,4.056311659045919,0.13524550628166454,20,20,0.7,2048
train_20260904_073606,2026-09-04T18:30:17,406,agent_1,1287.3568422429196,1064.4244249841677,-0.004980945354327559,662.2577453613281,0,16,0,0,3.805739589669021,0.06421452989424992,20,20,0.7,2048
train_20260904_073606,2026-09-04T18:34:26,407,agent_0,7879.06757763382,6436.891235308591,-0.004549911525100469,693.2901329040527,0,2,0,0,7.45557426327463,0.8742270293334626,20,20,0.7,2048
train_20260904_073606,2026-09-04T18:34:26,407,agent_1,4994.71489298336,6436.891235308591,-0.0056824030354619024,693.2901329040527,0,1,0,0,5.567327495915457,0.9876027999511002,20,20,0.7,2048
train_20260904_073606,2026-09-04T18:39:10,408,agent_0,1547.2447898839375,4925.519318628779,-0.003514103451743722,419.3655372619629,0,15,0,0,2.783354619161032,0.05794440044285243,20,20,0.7,2048
train_20260904_073606,2026-09-04T18:39:10,408,agent_1,8303.79384737362,4925.519318628779,-0.004652672586962581,419.3655372619629,0,3,0,0,6.087516693067508,0.7279520223803496,20,20,0.7,2048
train_20260904_073606,2026-09-04T18:43:24,409,agent_0,5887.104183872377,3664.9525691037247,-0.0037445512134581804,241.25756072998047,0,5,0,0,6.432814684729963,0.4112824058288975,20,20,0.7,2048
train_20260904_073606,2026-09-04T18:43:24,409,agent_1,1442.8009543350727,3664.9525691037247,-0.003141546668484807,241.25756072998047,0,9,0,0,3.0341510622060888,0.08032512987354479,20,20,0.7,2048
train_20260904_073606,2026-09-04T18:47:41,410,agent_0,3013.205752295538,1529.4518049801143,-0.004301189817488194,155.27838134765625,0,12,0,0,3.461557925813495,0.12996692765707596,20,20,0.7,2048
train_20260904_073606,2026-09-04T18:47:41,410,agent_1,45.69785766469055,1529.4518049801143,-0.005042525427415967,155.27838134765625,0,2,0,0,0.5071733536537535,0.05429908393819538,20,20,0.7,2048
train_20260904_073606,2026-09-04T18:52:29,411,agent_0,6336.4627531669885,7715.193041011214,-0.004234963748604059,1144.9772735595702,1,4,0,0,6.990761626189769,0.9963674205514881,20,20,0.7,2048
train_20260904_073606,2026-09-04T18:52:29,411,agent_1,9093.923328855439,7715.193041011214,-0.0057060970459133385,1144.9772735595702,0,2,0,0,8.330927228763539,0.9504093720066502,20,20,0.7,2048
train_20260904_073606,2026-09-04T18:57:02,412,agent_0,-2254.7659339021047,1800.4460931683084,-0.00647230395115912,569.4702041625976,0,12,0,0,2.945009006020975,0.07136044081891779,20,20,0.7,2048
train_20260904_073606,2026-09-04T18:57:02,412,agent_1,5855.6581202387215,1800.4460931683084,-0.004726851964369417,569.4702041625976,0,3,0,0,7.120726535198802,0.5312151147590503,20,20,0.7,2048
train_20260904_073606,2026-09-04T19:01:37,413,agent_0,-11252.494318766716,-4074.766132798104,-0.005970496404916048,954.8092964172363,0,10,15,0,3.4065098922199173,0.018580592555749065,20,20,0.7,2048
train_20260904_073606,2026-09-04T19:01:37,413,agent_1,3102.9620531705077,-4074.766132798104,-0.003995154984295368,954.8092964172363,0,14,1,0,4.643861838285414,0.06585605499866765,20,20,0.7,2048
train_20260904_073606,2026-09-04T19:06:28,414,agent_0,7628.961528580662,4591.883567716074,-0.006229521194472909,744.7336875915528,0,3,0,0,5.596120684986234,0.5993479968024344,20,20,0.7,2048
train_20260904_073606,2026-09-04T19:06:28,414,agent_1,1554.805606851486,4591.883567716074,-0.005510447174310684,744.7336875915528,0,2,0,0,1.3510537761555237,0.20717679094236818,20,20,0.7,2048
train_20260904_073606,2026-09-04T19:10:58,415,agent_0,-1392.9722067371133,3797.412345147498,-0.006560458149760961,734.7029510498047,0,23,0,0,2.1943889251425195,0.04094644687807514,20,20,0.7,2048
train_20260904_073606,2026-09-04T19:10:58,415,agent_1,8987.796897032109,3797.412345147498,-0.00455445502884686,734.7029510498047,1,1,0,0,7.181229891402344,0.9962473884702086,20,20,0.7,2048
train_20260904_073606,2026-09-04T19:15:29,416,agent_0,986.6363495039345,923.3927234085575,-0.006423872010782361,679.0951789855957,0,11,1,0,5.692031824712986,0.24069347604806712,20,20,0.7,2048
train_20260904_073606,2026-09-04T19:15:29,416,agent_1,860.1490973131803,923.3927234085575,-0.005175974546000361,679.0951789855957,0,17,0,0,3.1117546999454806,0.03767237619026276,20,20,0.7,2048
train_20260904_073606,2026-09-04T19:20:12,417,agent_0,2095.250268740211,5550.423500244309,-0.0038253341801464556,412.09939804077146,0,0,0,0,0.81643079736615,0.0,20,20,0.7,2048
train_20260904_073606,2026-09-04T19:20:12,417,agent_1,9005.596731748406,5550.423500244309,-0.00471561336889863,412.09939804077146,1,0,0,0,7.592474679313825,0.9959382922991697,20,20,0.7,2048
train_20260904_073606,2026-09-04T19:24:45,418,agent_0,-2132.5934982295253,-505.3014741665876,-0.005227434635162354,1070.9850425720215,0,15,1,0,4.499841915612135,0.07191642324895553,20,20,0.7,2048
train_20260904_073606,2026-09-04T19:24:45,418,agent_1,1121.99054989635,-505.3014741665876,-0.00422022370621562,1070.9850425720215,0,16,0,0,3.8323260984812118,0.05176041813487997,20,20,0.7,2048
train_20260904_073606,2026-09-04T19:29:01,419,agent_0,8720.279959032658,4358.52159611206,-0.004913077969104051,354.3328552246094,1,1,0,0,7.8324784944227845,0.9968531843316736,20,20,0.7,2048
train_20260904_073606,2026-09-04T19:29:01,419,agent_1,-3.236766808536945,4358.52159611206,-0.005540099320933222,354.3328552246094,0,5,0,0,2.044900133140903,0.0727433101143703,20,20,0.7,2048
train_20260904_073606,2026-09-04T19:33:55,420,agent_0,2633.7472517857354,2426.245154841592,-0.004225143697112799,300.20838775634763,0,15,0,0,2.596402315128094,0.04075678075507805,20,20,0.7,2048
train_20260904_073606,2026-09-04T19:33:55,420,agent_1,2218.7430578974486,2426.245154841592,-0.005422337120398879,300.20838775634763,0,7,0,0,2.964702846557863,0.22804578540251996,20,20,0.7,2048
train_20260904_073606,2026-09-04T19:38:29,421,agent_0,526.1125249842755,1197.8426603473672,-0.006101687625050545,511.47722244262695,0,17,0,0,3.3996118576355028,0.04921035550252195,20,20,0.7,2048
train_20260904_073606,2026-09-04T19:38:29,421,agent_1,1869.5727957104586,1197.8426603473672,-0.004468668298795819,511.47722244262695,0,7,0,0,2.129402505896467,0.08272963300835212,20,20,0.7,2048
train_20260904_073606,2026-09-04T19:42:54,422,agent_0,-3175.218413982278,2150.7434564896384,-0.004582337802276015,732.1231601715087,0,48,0,0,2.7110327769034184,0.01404679962970179,20,20,0.7,2048
train_20260904_073606,2026-09-04T19:42:54,422,agent_1,7476.705326961555,2150.7434564896384,-0.00552770090289414,732.1231601715087,2,2,0,0,7.843473435957982,0.9943035417499045,20,20,0.7,2048
train_20260904_073606,2026-09-04T19:47:48,423,agent_0,-472.1173439432007,599.8624687199463,-0.0047963136341422795,280.97716255187987,0,11,0,0,2.854534696698245,0.0781057724701586,20,20,0.7,2048
train_20260904_073606,2026-09-04T19:47:48,423,agent_1,1671.8422813830932,599.8624687199463,-0.004362692916765809,280.97716255187987,0,3,0,0,1.43686939218023,0.11112829822050752,20,20,0.7,2048
train_20260904_073606,2026-09-04T19:52:11,424,agent_0,5483.688767104599,3444.634430869973,-0.005707106785848737,603.5755592346192,0,2,1,0,8.619458694510945,0.5676104357383538,20,20,0.7,2048
train_20260904_073606,2026-09-04T19:52:11,424,agent_1,1405.5800946353472,3444.634430869973,-0.006207290198653936,603.5755592346192,0,4,0,0,1.614519468607081,0.20404581558288548,20,20,0.7,2048
train_20260904_073606,2026-09-04T19:56:36,425,agent_0,2262.3367008508317,1952.5311657955772,-0.004831872135400772,188.07200946807862,0,10,0,0,2.168466969987944,0.04649060287633189,20,20,0.7,2048
train_20260904_073606,2026-09-04T19:56:36,425,agent_1,1642.725630740323,1952.5311657955772,-0.003520164778456092,188.07200946807862,0,12,0,0,2.2188593309428097,0.05464598571608492,20,20,0.7,2048
train_20260904_073606,2026-09-04T20:01:37,426,agent_0,4076.6689850048456,6004.424871400358,-0.005505900550633669,578.5492401123047,0,9,0,0,3.7508694669083145,0.15451059555859414,20,20,0.7,2048
train_20260904_073606,2026-09-04T20:01:37,426,agent_1,7932.18075779587,6004.424871400358,-0.004004488559439778,578.5492401123047,2,1,0,0,8.003245020557898,0.9941391562633443,20,20,0.7,2048
train_20260904_073606,2026-09-04T20:06:21,427,agent_0,-4220.002164473456,-1463.5687923027886,-0.0043478560168296095,482.4870418548584,0,38,4,0,2.887402337838174,0.01916140323829807,20,20,0.7,2048
train_20260904_073606,2026-09-04T20:06:21,427,agent_1,1292.8645798678788,-1463.5687923027886,-0.004027093714103103,482.4870418548584,0,7,0,0,1.7904262944854696,0.044541492284187356,20,20,0.7,2048
train_20260904_073606,2026-09-04T20:10:47,428,agent_0,-1298.1534413349875,-738.4669323152137,-0.005284331832081079,246.85718269348143,0,0,0,0,3.5183876257677085,0.0,20,20,0.7,2048
train_20260904_073606,2026-09-04T20:10:47,428,agent_1,-178.78042329544,-738.4669323152137,-0.004581666504964233,246.85718269348143,0,5,0,0,0.9605397422116352,0.04745173349934895,20,20,0.7,2048
train_20260904_073606,2026-09-04T20:15:45,429,agent_0,6560.028646960077,2177.2116445783868,-0.006473700003698468,320.78437385559084,1,0,0,0,7.177045186937828,0.9949828451056326,20,20,0.7,2048
train_20260904_073606,2026-09-04T20:15:45,429,agent_1,-2205.605357803303,2177.2116445783868,-0.004885424533858896,320.78437385559084,0,4,0,0,0.8970664253545569,0.03586184951171256,20,20,0.7,2048
train_20260904_073606,2026-09-04T20:20:40,430,agent_0,-278.0500013078198,-1078.9976276931532,-0.0038422057405114174,369.25984077453614,0,13,1,0,3.200681359912793,0.04613670810116377,20,20,0.7,2048
train_20260904_073606,2026-09-04T20:20:40,430,agent_1,-1879.9452540784866,-1078.9976276931532,-0.0030878997407853604,369.25984077453614,0,20,0,0,1.4781245104522744,0.018504429671758582,20,20,0.7,2048
train_20260904_073606,2026-09-04T20:25:04,431,agent_0,887.1535189431759,1068.4332354983108,-0.004087080899626017,267.3928161621094,0,15,0,0,4.682808207477463,0.1046144795205306,20,20,0.7,2048
train_20260904_073606,2026-09-04T20:25:04,431,agent_1,1249.7129520534459,1068.4332354983108,-0.004081226605921984,267.3928161621094,0,8,0,0,2.183080380872682,0.0791816433350786,20,20,0.7,2048
train_20260904_073606,2026-09-04T20:29:53,432,agent_0,-33.221103663737416,2972.906920431148,-0.005284946132451296,633.0348281860352,0,5,0,0,1.0520959326678607,0.03380409724820477,20,20,0.7,2048
train_20260904_073606,2026-09-04T20:29:53,432,agent_1,5979.0349445260335,2972.906920431148,-0.005810221377760172,633.0348281860352,2,0,1,0,7.947526184023448,0.992865920384473,20,20,0.7,2048
train_20260904_073606,2026-09-04T20:34:08,433,agent_0,-2417.420748686971,2078.6393941314263,-0.005630754958838224,482.17639617919923,0,9,0,0,0.8808406866051012,0.0304928024424036,20,20,0.7,2048
train_20260904_073606,2026-09-04T20:34:08,433,agent_1,6574.699536949824,2078.6393941314263,-0.004442337900400162,482.17639617919923,0,3,0,0,7.948982873049869,0.5733029877029036,20,20,0.7,2048
train_20260904_073606,2026-09-04T20:38:28,434,agent_0,-4129.5945156886255,-1205.0975018540812,-0.005458342842757702,253.4613178253174,0,4,1,0,0.5061998120777707,0.06191311991825721,20,20,0.7,2048
train_20260904_073606,2026-09-04T20:38:28,434,agent_1,1719.3995119804629,-1205.0975018540812,-0.007037520874291658,253.4613178253174,0,5,0,0,1.7598153591719907,0.08025935573689613,20,20,0.7,2048
train_20260904_073606,2026-09-04T20:43:25,435,agent_0,5781.661971340947,6392.507984493601,-0.004709966341033578,1037.582585144043,0,2,1,0,7.15046777738873,0.9920555299624105,20,20,0.7,2048
train_20260904_073606,2026-09-04T20:43:25,435,agent_1,7003.353997646253,6392.507984493601,-0.005772371310740709,1037.582585144043,2,0,0,0,7.062320428165516,0.9931732481585323,20,20,0.7,2048
train_20260904_073606,2026-09-04T20:48:03,436,agent_0,5716.68873149876,7002.949398376134,-0.007547108456492424,1116.2386306762696,1,6,0,0,7.044201575276598,0.9951661277023183,20,20,0.7,2048
train_20260904_073606,2026-09-04T20:48:03,436,agent_1,8289.210065253508,7002.949398376134,-0.005246387841179967,1116.2386306762696,2,0,0,0,7.097336835006772,0.9935830600721672,20,20,0.7,2048
train_20260904_073606,2026-09-04T20:52:37,437,agent_0,-363.0649081540135,1918.9503124661662,-0.005343655776232481,180.57583885192872,0,2,0,0,0.686007419075397,0.08524764978631394,20,20,0.7,2048
train_20260904_073606,2026-09-04T20:52:37,437,agent_1,4200.965533086346,1918.9503124661662,-0.004069377342239023,180.57583885192872,0,1,0,0,2.2370825359823745,0.3419930730914188,20,20,0.7,2048
train_20260904_073606,2026-09-04T20:57:37,438,agent_0,-360.00619512734664,24.890225581242362,-0.00750854667276144,610.8086811065674,0,11,0,0,2.0501394457905797,0.04419510945081884,20,20,0.7,2048
train_20260904_073606,2026-09-04T20:57:37,438,agent_1,409.78664628983137,24.890225581242362,-0.006000281777232885,610.8086811065674,0,2,0,0,1.4511953457001072,0.18293753113487132,20,20,0.7,2048
train_20260904_073606,2026-09-04T21:02:07,439,agent_0,2412.8592160423887,4789.631423193901,-0.0045531597454100846,687.7104820251465,0,5,0,0,2.769925918507111,0.1359476301540138,20,20,0.7,2048
train_20260904_073606,2026-09-04T21:02:07,439,agent_1,7166.403630345413,4789.631423193901,-0.004850913630798459,687.7104820251465,0,2,0,0,6.979012010517305,0.9951591319534914,20,20,0.7,2048
train_20260904_073606,2026-09-04T21:06:38,440,agent_0,2080.5787792094648,1450.1055499632198,-0.004380026925355196,228.5453025817871,0,5,0,0,3.35665668328043,0.29153117959588193,20,20,0.7,2048
train_20260904_073606,2026-09-04T21:06:38,440,agent_1,819.632320716975,1450.1055499632198,-0.0046473877038806675,228.5453025817871,0,4,0,0,1.2314487774775231,0.07837886892311696,20,20,0.7,2048
train_20260904_073606,2026-09-04T21:11:49,441,agent_0,481.8436529665848,707.1241786766888,-0.005925680045038462,270.65911598205565,0,15,0,0,2.57762437108843,0.02679930057427271,20,20,0.7,2048
train_20260904_073606,2026-09-04T21:11:49,441,agent_1,932.4047043867928,707.1241786766888,-0.004027465544641018,270.65911598205565,0,7,0,0,1.748202979197087,0.04674480400131886,20,20,0.7,2048
train_20260904_073606,2026-09-04T21:16:25,442,agent_0,-1571.0338673123404,539.7729206360415,-0.0071555488277226685,272.52419700622556,0,3,0,0,2.677165817432392,0.18048227725242416,20,20,0.7,2048
train_20260904_073606,2026-09-04T21:16:25,442,agent_1,2650.5797085844233,539.7729206360415,-0.005245266016572714,272.52419700622556,0,16,0,0,3.143209053122146,0.03684547925321713,20,20,0.7,2048
train_20260904_073606,2026-09-04T21:21:08,443,agent_0,-314.0247308329078,1279.6486232711281,-0.00506663448177278,245.06415214538575,0,7,0,0,3.0642731322399546,0.18051936769286436,20,20,0.7,2048
train_20260904_073606,2026-09-04T21:21:08,443,agent_1,2873.321977375164,1279.6486232711281,-0.007015725690871477,245.06415214538575,0,16,0,0,3.158558787328684,0.05904484505921681,20,20,0.7,2048
train_20260904_073606,2026-09-04T21:26:14,444,agent_0,-775.9039794132926,1629.2842512589336,-0.004834604542702436,292.6014854431152,0,10,0,0,1.389487931690468,0.04436243636174886,20,20,0.7,2048
train_20260904_073606,2026-09-04T21:26:14,444,agent_1,4034.47248193116,1629.2842512589336,-0.0059496278408914804,292.6014854431152,0,10,0,0,4.505912141564809,0.45237511462723135,20,20,0.7,2048
train_20260904_073606,2026-09-04T21:30:27,445,agent_0,1355.3591949998004,2202.0271763470137,-0.004427444189786911,314.5819175720215,0,1,0,0,0.9776570740000079,0.05461932954588922,20,20,0.7,2048
train_20260904_073606,2026-09-04T21:30:27,445,agent_1,3048.6951576942265,2202.0271763470137,-0.004872867837548256,314.5819175720215,0,0,0,0,1.2949168863332732,0.0,20,20,0.7,2048
train_20260904_073606,2026-09-04T21:34:39,446,agent_0,2246.7611485708335,2210.9238895063863,-0.006492402357980609,269.1689811706543,0,1,0,0,1.2516060915305363,0.08009580425730534,20,20,0.7,2048
train_20260904_073606,2026-09-04T21:34:39,446,agent_1,2175.0866304419387,2210.9238895063863,-0.00434736181050539,269.1689811706543,0,0,0,0,0.6854702015514638,0.0,20,20,0.7,2048
train_20260904_073606,2026-09-04T21:40:23,447,agent_0,-781.466443810601,751.1627782606145,-0.004518287535756826,212.48626441955565,0,6,0,0,1.2025866354977937,0.03730929075234135,20,20,0.7,2048
train_20260904_073606,2026-09-04T21:40:23,447,agent_1,2283.79200033183,751.1627782606145,-0.0025378760416060685,212.48626441955565,0,9,0,0,2.464172055671456,0.0895519346163467,20,20,0.7,2048
train_20260904_214305,2026-09-04T21:49:57,447,agent_0,1827.0718564395997,904.1017710798311,-0.006001712288707495,420.34827079772947,0,7,0,0,7.131409256128895,0.6069461748481426,20,20,0.7,2048
train_20260904_214305,2026-09-04T21:49:57,447,agent_1,-18.868314279937444,904.1017710798311,-0.004007789539173245,420.34827079772947,0,7,0,0,1.3708372822209047,0.040874555024639436,20,20,0.7,2048
train_20260904_214305,2026-09-04T21:54:13,448,agent_0,-816.8139525716249,3073.9525837834913,-0.004805230209603906,489.92635345458984,0,5,0,0,1.0880317339948191,0.04599217570690983,20,20,0.7,2048
train_20260904_214305,2026-09-04T21:54:13,448,agent_1,6964.719120138608,3073.9525837834913,-0.004923451598733664,489.92635345458984,1,0,0,0,4.590321809687742,0.9954370644905983,20,20,0.7,2048
train_20260904_214305,2026-09-04T21:58:25,449,agent_0,4449.704953890387,3430.418002336687,-0.006731918640434742,452.6154357910156,0,1,1,0,9.626290275374222,0.9917642798588989,20,20,0.7,2048
train_20260904_214305,2026-09-04T21:58:25,449,agent_1,2411.131050782988,3430.418002336687,-0.0037757583428174256,452.6154357910156,0,7,0,0,2.37457329510076,0.10491129526335652,20,20,0.7,2048
train_20260904_214305,2026-09-04T22:03:16,450,agent_0,-45.518707948413855,3230.786494287235,-0.004778070375323296,451.09840927124026,0,3,0,0,2.0232482709398623,0.1133519641809716,20,20,0.7,2048
train_20260904_214305,2026-09-04T22:03:16,450,agent_1,6507.091696522884,3230.786494287235,-0.005017285980284214,451.09840927124026,1,2,0,0,4.575172851258244,0.9952083378301203,20,20,0.7,2048
train_20260904_214305,2026-09-04T22:07:55,451,agent_0,-337.1485104865777,103.80092741711212,-0.004080708790570498,378.91432151794436,0,4,1,0,5.392275302413153,0.25506697730298866,20,20,0.7,2048
train_20260904_214305,2026-09-04T22:07:55,451,agent_1,544.750365320802,103.80092741711212,-0.007035111263394356,378.91432151794436,0,14,0,0,2.7044188108673985,0.046039058338819494,20,20,0.7,2048
train_20260904_214305,2026-09-04T22:12:27,452,agent_0,3141.0526345182043,2360.0809219541397,-0.005051843822002411,308.50172119140626,0,15,0,0,4.173991241663564,0.08025199762414525,20,20,0.7,2048
train_20260904_214305,2026-09-04T22:12:27,452,agent_1,1579.1092093900752,2360.0809219541397,-0.005525260278955102,308.50172119140626,0,11,0,0,2.9518352143622892,0.06454711701186233,20,20,0.7,2048
train_20260904_214305,2026-09-04T22:17:23,453,agent_0,810.7810064434051,1100.244468032537,-0.0077571938280016186,402.11850662231444,0,7,0,0,9.124946944875703,0.6410461390119835,20,20,0.7,2048
train_20260904_214305,2026-09-04T22:17:23,453,agent_1,1389.7079296216689,1100.244468032537,-0.00544962203130126,402.11850662231444,0,6,0,0,1.8242601634017037,0.07930893467586109,20,20,0.7,2048
train_20260904_214305,2026-09-04T22:21:51,454,agent_0,-1219.8479315419765,3810.9063319728725,-0.003756708186119795,373.666353225708,0,5,2,0,1.2824622185797234,0.06561209559485692,20,20,0.7,2048
train_20260904_214305,2026-09-04T22:21:51,454,agent_1,8841.660595487721,3810.9063319728725,-0.004657262284308672,373.666353225708,0,2,0,0,6.6451272027280215,0.9949962779533923,20,20,0.7,2048
train_20260904_214305,2026-09-04T22:26:21,455,agent_0,2185.8627381978254,5984.458382260088,-0.005351030267775059,446.15306091308594,0,13,0,0,2.3560670463747457,0.04801000923340604,20,20,0.7,2048
train_20260904_214305,2026-09-04T22:26:21,455,agent_1,9783.05402632235,5984.458382260088,-0.004857636103406548,446.15306091308594,1,0,0,0,5.931458037369895,0.9960401687677232,20,20,0.7,2048
train_20260904_214305,2026-09-04T22:31:28,456,agent_0,149.83640133662328,-79.69943969678619,-0.0030040407087653874,232.7725154876709,0,3,0,0,1.4284182424062293,0.1062851865312292,20,20,0.7,2048
train_20260904_214305,2026-09-04T22:31:28,456,agent_1,-309.23528073019565,-79.69943969678619,-0.0034897817764431237,232.7725154876709,0,2,0,0,0.6926883384841092,0.05749971810376486,20,20,0.7,2048
train_20260904_214305,2026-09-04T22:36:06,457,agent_0,-2137.1196012521855,541.9509637553899,-0.005521483439952135,228.0482593536377,0,4,0,0,1.2148065621417308,0.05934325279045638,20,20,0.7,2048
train_20260904_214305,2026-09-04T22:36:06,457,agent_1,3221.0215287629653,541.9509637553899,-0.004622806934639812,228.0482593536377,0,3,0,0,2.547523947215286,0.20364254619160205,20,20,0.7,2048
train_20260904_214305,2026-09-04T22:40:47,458,agent_0,3359.9041650960867,2056.325741088626,-0.005969621660187841,150.85263347625732,0,12,0,0,3.3640013232412507,0.1370781080784803,20,20,0.7,2048
train_20260904_214305,2026-09-04T22:40:47,458,agent_1,752.7473170811649,2056.325741088626,-0.005052038235589862,150.85263347625732,0,3,0,0,1.15447989582858,0.0763701807041981,20,20,0.7,2048
train_20260904_214305,2026-09-04T22:45:48,459,agent_0,2178.9844433640924,1637.7160009315028,-0.005512265348806977,113.42553958892822,0,0,0,0,0.9988993011060198,0.0,20,20,0.7,2048
train_20260904_214305,2026-09-04T22:45:48,459,agent_1,1096.4475584989132,1637.7160009315028,-0.004420828493312001,113.42553958892822,0,5,0,0,1.50632744076975,0.10748942720352161,20,20,0.7,2048
train_20260904_214305,2026-09-04T22:50:32,460,agent_0,-2835.0470279663336,125.9360983982292,-0.004828668804839254,436.5236450195313,0,5,2,0,3.2527309888848834,0.18819159544228392,20,20,0.7,2048
train_20260904_214305,2026-09-04T22:50:32,460,agent_1,3086.919224762792,125.9360983982292,-0.00401925528421998,436.5236450195313,0,11,0,0,3.169458386915539,0.04707750672698152,20,20,0.7,2048
train_20260904_214305,2026-09-04T22:55:08,461,agent_0,3982.631550045176,5432.496798948052,-0.005731315910816192,669.7051376342773,0,4,0,0,6.678465535979898,0.811395261372428,20,20,0.7,2048
train_20260904_214305,2026-09-04T22:55:08,461,agent_1,6882.362047850927,5432.496798948052,-0.0046482124831527475,669.7051376342773,0,3,0,0,6.041761337893124,0.9933855766680539,20,20,0.7,2048
train_20260904_214305,2026-09-04T23:00:38,462,agent_0,1254.2369701904372,2649.0408631644336,-0.004764421004801988,678.730899810791,0,5,0,0,2.2652793791807024,0.13472630752464365,20,20,0.7,2048
train_20260904_214305,2026-09-04T23:00:38,462,agent_1,4043.84475613843,2649.0408631644336,-0.004599149106070399,678.730899810791,1,1,0,0,5.121508083896297,0.9924552839623989,20,20,0.7,2048
train_20260904_214305,2026-09-04T23:06:00,463,agent_0,2085.350435376766,4134.6293037659625,-0.005514008412137628,423.50514488220216,0,3,0,0,2.5483008260341884,0.2617480182130001,20,20,0.7,2048
train_20260904_214305,2026-09-04T23:06:00,463,agent_1,6183.908172155159,4134.6293037659625,-0.005709387874230742,423.50514488220216,1,3,0,0,4.8659756207633675,0.9936382262065674,20,20,0.7,2048
train_20260904_214305,2026-09-04T23:10:37,464,agent_0,7215.125862545184,8268.817127504959,-0.006409725220873952,1352.5781845092774,1,0,1,0,10.243130507790465,0.9970502653210574,20,20,0.7,2048
train_20260904_214305,2026-09-04T23:10:37,464,agent_1,9322.508392464733,8268.817127504959,-0.0043100615497678515,1352.5781845092774,1,0,0,0,8.612149536873394,0.9965717238078537,20,20,0.7,2048
train_20260904_214305,2026-09-04T23:15:46,465,agent_0,-833.1969982891816,457.36654281034276,-0.004942038143053651,445.0433944702148,0,7,0,0,1.9542779592334243,0.4848458107355327,20,20,0.7,2048
train_20260904_214305,2026-09-04T23:15:46,465,agent_1,1747.930083909867,457.36654281034276,-0.005585606954991817,445.0433944702148,0,4,0,0,1.8211687547761792,0.09657240213554685,20,20,0.7,2048
